symbol,date,open,high,low,close,volume
ACB,2025-04-13,59196,60551,59033,59807,160217
ACB,2025-04-12,59221,59342,58346,59280,271182
ACB,2025-04-11,57254,58885,57151,57912,842249
ACB,2025-04-10,59229,60485,58410,59504,336286
ACB,2025-04-09,59616,60552,58217,58888,435022
ACB,2025-04-08,60195,61017,58566,59473,109144
ACB,2025-04-07,58045,59524,57489,58605,329240
ACB,2025-04-06,57067,57390,56080,56319,922648
ACB,2025-04-05,57752,58809,57477,58570,768267
ACB,2025-04-04,57509,58562,57423,58214,909786
ACB,2025-04-03,58367,58926,57292,57556,484919
ACB,2025-04-02,58764,59568,58219,58927,196794
ACB,2025-04-01,59865,60443,58702,58997,504993
ACB,2025-03-31,57924,58160,56978,57739,198128
ACB,2025-03-30,57443,58219,56424,57232,742219
ACB,2025-03-29,58091,58245,57201,58063,474802
ACB,2025-03-28,58464,58785,58265,58525,769194
ACB,2025-03-27,56784,58041,55852,57164,178170
ACB,2025-03-26,56503,58352,55982,57465,709676
ACB,2025-03-25,58320,59588,58148,58920,802271
ACB,2025-03-24,56188,57976,56065,56986,286911
ACB,2025-03-23,58365,59349,57513,58680,864242
ACB,2025-03-22,58195,58793,57259,58255,240198
ACB,2025-03-21,56563,57965,56084,57053,769287
ACB,2025-03-20,56828,57099,55895,56302,343480
ACB,2025-03-19,55604,56433,54406,55108,650305
ACB,2025-03-18,53911,55495,53784,54573,226327
ACB,2025-03-17,58556,59393,57294,58047,974512
ACB,2025-03-16,54225,55741,54075,54877,481481
ACB,2025-03-15,53752,54904,53524,54126,801542
ACB,2025-03-14,54133,55309,53357,54937,175720
ACB,2025-03-13,56879,57531,55909,56993,996718
ACB,2025-03-12,54771,56072,53981,55326,601305
ACB,2025-03-11,55812,57503,55225,56534,228051
ACB,2025-03-10,57015,58487,56437,57597,282009
ACB,2025-03-09,57007,57154,56856,57013,164112
ACB,2025-03-08,56754,57655,56181,56838,889541
ACB,2025-03-07,55299,55771,54260,54624,726588
ACB,2025-03-06,54102,54565,53940,53958,915810
ACB,2025-03-05,55126,56106,54347,54940,318294
ACB,2025-03-04,55649,56489,55017,56189,119693
ACB,2025-03-03,55167,55859,54264,55285,425778
ACB,2025-03-02,55849,56131,54653,55238,925269
ACB,2025-03-01,53871,54399,53659,53682,161873
ACB,2025-02-28,56041,56529,54776,55176,903034
ACB,2025-02-27,55613,56182,55096,55124,597066
ACB,2025-02-26,54537,54667,54154,54215,767124
ACB,2025-02-25,52484,53520,52468,52981,707115
ACB,2025-02-24,54427,55369,53885,55028,746023
ACB,2025-02-23,53251,54289,53027,53366,431712
ACB,2025-02-22,54173,56058,53583,55077,179587
ACB,2025-02-21,55173,56110,54268,54880,663052
ACB,2025-02-20,53760,54378,52580,53549,870022
ACB,2025-02-19,53916,54487,53429,53433,656684
ACB,2025-02-18,52631,52688,51777,52580,891022
ACB,2025-02-17,54549,55657,54500,54908,405764
ACB,2025-02-16,53036,53995,52538,53231,904059
ACB,2025-02-15,54102,55218,53554,55096,666310
ACB,2025-02-14,54836,55990,54703,55072,437264
ACB,2025-02-13,52906,53146,51098,51915,479928
ACB,2025-02-12,54523,54674,53126,53541,733277
ACB,2025-02-11,53379,53432,52182,52722,749959
ACB,2025-02-10,52691,53466,52218,52274,379800
ACB,2025-02-09,53767,55029,53525,54509,272676
ACB,2025-02-08,51775,52180,51209,51621,137435
ACB,2025-02-07,52286,53737,51465,53087,307257
ACB,2025-02-06,53524,54464,53515,54160,678478
ACB,2025-02-05,51342,52060,51288,51656,661245
ACB,2025-02-04,51608,52959,51086,52219,722431
ACB,2025-02-03,52751,53332,51764,52655,224099
ACB,2025-02-02,51446,51626,50042,50863,361903
ACB,2025-02-01,50461,52168,49961,51279,950314
ACB,2025-01-31,50997,51287,50241,50776,854409
ACB,2025-01-30,50292,50466,49420,49728,204016
ACB,2025-01-29,52359,53488,51447,52958,197550
ACB,2025-01-28,50077,50874,49217,49572,716038
ACB,2025-01-27,53327,53432,52880,53382,224615
ACB,2025-01-26,51344,52006,51079,51079,195269
ACB,2025-01-25,50402,51280,49178,49968,345493
ACB,2025-01-24,50000,50814,48422,49296,174973
ACB,2025-01-23,49531,50343,49375,49902,544037
ACB,2025-01-22,50221,50854,49109,49945,248152
ACB,2025-01-21,51339,52709,51219,51839,265104
ACB,2025-01-20,50824,51500,50654,50970,573058
ACB,2025-01-19,51807,52045,50137,50917,673578
ACB,2025-01-18,49808,50373,48601,49083,519295
ACB,2025-01-17,50208,51123,49294,50204,901168
ACB,2025-01-16,49483,50479,48742,49702,803298
ACB,2025-01-15,52598,52769,51183,51734,764582
ACB,2025-01-14,47707,49457,47331,48661,840206
BCM,2025-04-13,61172,61984,60745,60997,470894
BCM,2025-04-12,59194,59486,58294,59337,892519
BCM,2025-04-11,58292,59382,57979,59052,506357
BCM,2025-04-10,61507,62387,59792,60639,655981
BCM,2025-04-09,59629,60406,58600,59423,227567
BCM,2025-04-08,57371,58497,56741,57942,249105
BCM,2025-04-07,60259,61238,59487,59904,302079
BCM,2025-04-06,55947,57672,55077,56774,712609
BCM,2025-04-05,57004,57618,56372,56766,281834
BCM,2025-04-04,57238,58161,56166,56366,761413
BCM,2025-04-03,58310,59027,57784,58334,643425
BCM,2025-04-02,55549,57425,54705,56504,917016
BCM,2025-04-01,56247,56914,56008,56481,636834
BCM,2025-03-31,57935,58985,57839,58134,676083
BCM,2025-03-30,58235,58373,57772,57961,443650
BCM,2025-03-29,58256,58336,57369,58223,133845
BCM,2025-03-28,58479,59695,57817,58735,536375
BCM,2025-03-27,58730,59130,57607,58533,644024
BCM,2025-03-26,56444,57558,56390,56885,331381
BCM,2025-03-25,55086,55725,54437,55206,531493
BCM,2025-03-24,57051,57925,56131,56326,486083
BCM,2025-03-23,55411,55760,54257,55075,833723
BCM,2025-03-22,58398,59175,57199,57473,496577
BCM,2025-03-21,56047,56952,55690,56433,202781
BCM,2025-03-20,54459,55323,53483,54912,924252
BCM,2025-03-19,58145,58708,56654,57643,211380
BCM,2025-03-18,54660,56026,54589,55542,876989
BCM,2025-03-17,53672,55059,52780,54354,330568
BCM,2025-03-16,57443,58688,56670,57860,816623
BCM,2025-03-15,55617,56941,55139,56466,933718
BCM,2025-03-14,55078,55788,54660,55644,405444
BCM,2025-03-13,56187,56356,55253,55697,902755
BCM,2025-03-12,57474,58280,56194,57086,335085
BCM,2025-03-11,55801,56432,55637,56269,100816
BCM,2025-03-10,54565,55547,53760,54768,264488
BCM,2025-03-09,53058,53654,52968,53523,751862
BCM,2025-03-08,57030,57116,56707,56846,142552
BCM,2025-03-07,56423,57405,56068,56342,634980
BCM,2025-03-06,55664,56237,54985,55818,247257
BCM,2025-03-05,54143,55227,53247,54707,522411
BCM,2025-03-04,54951,55309,54142,54766,308030
BCM,2025-03-03,55863,56980,55735,56833,492021
BCM,2025-03-02,55924,56400,55184,55951,230557
BCM,2025-03-01,54333,55204,54276,54614,680727
BCM,2025-02-28,55384,55791,55357,55737,565346
BCM,2025-02-27,52566,53221,52211,53106,136053
BCM,2025-02-26,53040,53340,52374,53225,330181
BCM,2025-02-25,54286,54914,54260,54542,173290
BCM,2025-02-24,55973,56288,55258,55277,457440
BCM,2025-02-23,54653,55531,53986,55123,758532
BCM,2025-02-22,55497,56550,55105,55768,199076
BCM,2025-02-21,53664,54310,52408,52886,556581
BCM,2025-02-20,52059,53831,51239,52946,122031
BCM,2025-02-19,53163,54840,52441,54035,149451
BCM,2025-02-18,56023,56686,54628,55360,428091
BCM,2025-02-17,52539,53984,52249,53455,920281
BCM,2025-02-16,53102,54461,52130,53856,186812
BCM,2025-02-15,52164,53510,51201,52927,593491
BCM,2025-02-14,54038,54796,53777,54607,766152
BCM,2025-02-13,54819,55551,54065,54302,354283
BCM,2025-02-12,50827,51998,50602,51775,591717
BCM,2025-02-11,53542,53562,52371,52963,898472
BCM,2025-02-10,51476,51822,50998,51364,747368
BCM,2025-02-09,52790,53222,51807,52734,673993
BCM,2025-02-08,51138,51809,50422,51674,450127
BCM,2025-02-07,54007,54242,53003,53323,165258
BCM,2025-02-06,52945,53892,52442,52945,492886
BCM,2025-02-05,49966,50867,49024,50691,649991
BCM,2025-02-04,51624,52167,50536,51330,613096
BCM,2025-02-03,51230,52395,51165,52210,345450
BCM,2025-02-02,54311,54461,53171,53444,222795
BCM,2025-02-01,49672,51073,48739,50309,744093
BCM,2025-01-31,53603,54290,52464,53188,943737
BCM,2025-01-30,51576,52550,50680,50825,525071
BCM,2025-01-29,50719,50891,49855,50802,341339
BCM,2025-01-28,49924,50512,49789,50210,253173
BCM,2025-01-27,51791,52571,50144,51082,738871
BCM,2025-01-26,51267,51698,51215,51613,686202
BCM,2025-01-25,52771,53733,51616,52215,384516
BCM,2025-01-24,50495,50515,49764,49874,767127
BCM,2025-01-23,50198,50985,49006,49740,442252
BCM,2025-01-22,49348,49439,48150,49020,178965
BCM,2025-01-21,53005,53038,51893,52479,488953
BCM,2025-01-20,51267,52402,50480,52141,412513
BCM,2025-01-19,49796,49826,49115,49816,925521
BCM,2025-01-18,47844,49265,47537,48828,895779
BCM,2025-01-17,49113,50022,48878,49017,757383
BCM,2025-01-16,49659,50393,49278,49448,641127
BCM,2025-01-15,48184,49223,47189,49098,842114
BCM,2025-01-14,47415,48714,47254,48286,935366
BID,2025-04-13,59755,59889,58519,58808,747119
BID,2025-04-12,57680,58889,57553,58359,668768
BID,2025-04-11,61515,62420,60573,60767,655868
BID,2025-04-10,59106,59748,58261,58922,949227
BID,2025-04-09,57321,58136,55979,56613,947286
BID,2025-04-08,58678,60316,58117,59644,902458
BID,2025-04-07,58248,59081,57309,58271,313907
BID,2025-04-06,59896,60185,59455,59841,245875
BID,2025-04-05,57692,59467,57488,58497,403130
BID,2025-04-04,55566,57030,55291,56291,120297
BID,2025-04-03,58457,59341,57785,58316,902123
BID,2025-04-02,56832,57090,56095,56459,111712
BID,2025-04-01,60472,61148,59653,59756,177055
BID,2025-03-31,58963,59602,58124,58634,221052
BID,2025-03-30,55997,57673,55757,56948,441605
BID,2025-03-29,59948,60050,59243,59432,247943
BID,2025-03-28,56047,57580,55784,56889,720120
BID,2025-03-27,58493,58806,58209,58804,413430
BID,2025-03-26,55366,55528,54773,55499,846777
BID,2025-03-25,58486,58560,57589,58510,696983
BID,2025-03-24,56392,57354,55418,57114,221574
BID,2025-03-23,59267,59621,57415,58292,792343
BID,2025-03-22,56915,58056,56330,57265,458723
BID,2025-03-21,56438,57320,55676,56316,650249
BID,2025-03-20,56791,57947,55913,57446,128065
BID,2025-03-19,57190,58411,56904,57618,589540
BID,2025-03-18,56888,57412,56529,56749,893446
BID,2025-03-17,55044,55464,53486,54344,874260
BID,2025-03-16,57355,58140,56647,56679,267976
BID,2025-03-15,55982,56763,54609,55180,814477
BID,2025-03-14,57727,58110,57366,57904,980924
BID,2025-03-13,57410,57945,56217,57198,262410
BID,2025-03-12,53939,54988,53018,54473,978624
BID,2025-03-11,55157,55384,53631,54309,407841
BID,2025-03-10,54848,55785,54820,55061,534926
BID,2025-03-09,55277,55601,54624,55027,106225
BID,2025-03-08,57909,58180,56666,57387,469227
BID,2025-03-07,53345,53508,53306,53365,421214
BID,2025-03-06,56475,56994,56424,56817,725146
BID,2025-03-05,55530,56072,55140,55888,977862
BID,2025-03-04,55982,57536,55230,56597,831823
BID,2025-03-03,55660,56611,55036,55066,517925
BID,2025-03-02,55303,56486,54367,55638,660445
BID,2025-03-01,53883,54580,52970,53245,279830
BID,2025-02-28,53288,54737,52843,54278,435660
BID,2025-02-27,53513,54594,53079,54386,157818
BID,2025-02-26,55515,56140,55438,55885,253221
BID,2025-02-25,54586,55235,54036,54586,240946
BID,2025-02-24,54083,54483,53473,53680,507719
BID,2025-02-23,55649,56330,55071,56061,566350
BID,2025-02-22,53486,53896,53017,53629,452953
BID,2025-02-21,51889,52209,51366,52119,210935
BID,2025-02-20,52352,52738,51166,51886,271091
BID,2025-02-19,51760,52805,51670,52134,937123
BID,2025-02-18,52982,54035,52396,53269,516946
BID,2025-02-17,52626,53873,52401,53275,139815
BID,2025-02-16,53415,54172,52533,52727,350946
BID,2025-02-15,53502,54203,52643,52704,688530
BID,2025-02-14,53346,54147,51637,52467,986875
BID,2025-02-13,55385,55510,54446,54945,472709
BID,2025-02-12,52263,52581,51215,51867,969517
BID,2025-02-11,53435,53482,52221,53163,432400
BID,2025-02-10,51573,52387,51275,51446,817738
BID,2025-02-09,52512,52833,51748,52361,777611
BID,2025-02-08,50775,51544,49900,51542,655104
BID,2025-02-07,50404,51831,49513,51080,782258
BID,2025-02-06,52372,53290,50675,51532,974114
BID,2025-02-05,50931,51906,50247,50825,803598
BID,2025-02-04,52733,53600,51575,51903,728979
BID,2025-02-03,51575,52260,51461,52244,100290
BID,2025-02-02,52057,52326,51565,52208,584555
BID,2025-02-01,51292,52608,50324,51859,847594
BID,2025-01-31,52406,52830,51377,52086,556628
BID,2025-01-30,50694,50846,49463,50159,460862
BID,2025-01-29,52187,53156,50894,51218,748014
BID,2025-01-28,51547,52109,50199,50978,121151
BID,2025-01-27,51443,51804,50531,51259,822630
BID,2025-01-26,50422,50512,49866,50104,119719
BID,2025-01-25,50184,50192,50086,50146,220119
BID,2025-01-24,52084,53885,51128,53030,648738
BID,2025-01-23,52842,53448,52680,52855,740080
BID,2025-01-22,51118,52045,51111,51645,152937
BID,2025-01-21,50499,51278,50290,50386,643415
BID,2025-01-20,52044,52735,50623,51386,538369
BID,2025-01-19,48504,49474,48468,48661,365368
BID,2025-01-18,50871,52190,50060,51774,851765
BID,2025-01-17,52267,53189,51803,52311,846276
BID,2025-01-16,52313,53221,51290,51489,638170
BID,2025-01-15,49986,50045,48888,49506,396607
BID,2025-01-14,49937,50224,49211,49286,161493
BVH,2025-04-13,59196,60556,59070,59668,743481
BVH,2025-04-12,59974,60692,59220,60410,283761
BVH,2025-04-11,56112,57698,55570,56970,374935
BVH,2025-04-10,59848,60101,58249,59053,202355
BVH,2025-04-09,58564,58879,58229,58387,448858
BVH,2025-04-08,57036,57950,56613,56986,823202
BVH,2025-04-07,57452,57709,56518,56763,566290
BVH,2025-04-06,59197,60070,57381,58353,349005
BVH,2025-04-05,58200,59321,57861,58543,948018
BVH,2025-04-04,57968,58816,57547,57835,767891
BVH,2025-04-03,59217,60827,58869,59971,406213
BVH,2025-04-02,58525,59125,57750,58175,600069
BVH,2025-04-01,58071,59004,57185,58302,939712
BVH,2025-03-31,58035,58998,56331,57245,817052
BVH,2025-03-30,57768,58617,57091,57404,637475
BVH,2025-03-29,57614,57823,57147,57217,176348
BVH,2025-03-28,56837,56973,56350,56510,112688
BVH,2025-03-27,56855,57038,56486,57006,248525
BVH,2025-03-26,57568,57939,56886,57922,494347
BVH,2025-03-25,55542,56895,54699,56010,727884
BVH,2025-03-24,55864,56484,55804,56263,779332
BVH,2025-03-23,56347,56748,56249,56452,204619
BVH,2025-03-22,56203,56412,55262,55502,514137
BVH,2025-03-21,58130,58614,57171,58494,110635
BVH,2025-03-20,55714,56901,54947,56241,452035
BVH,2025-03-19,56823,57455,56094,56807,623024
BVH,2025-03-18,56547,57445,55799,56235,272637
BVH,2025-03-17,56897,57391,56250,56549,747860
BVH,2025-03-16,57097,57496,56326,56471,821521
BVH,2025-03-15,58089,58387,57271,57328,587260
BVH,2025-03-14,55287,56905,54838,56135,288061
BVH,2025-03-13,54638,55993,53679,55240,357521
BVH,2025-03-12,57005,57532,56044,57036,228332
BVH,2025-03-11,54749,54830,53154,54134,338651
BVH,2025-03-10,56033,57005,55005,55734,879469
BVH,2025-03-09,54013,54530,53247,53765,454504
BVH,2025-03-08,54295,54866,52913,53867,868508
BVH,2025-03-07,56071,57100,55950,56911,272418
BVH,2025-03-06,55783,56301,55546,56279,406957
BVH,2025-03-05,55153,56020,54556,55485,267837
BVH,2025-03-04,56767,56908,55659,56441,710613
BVH,2025-03-03,55794,56677,54635,55613,538362
BVH,2025-03-02,55972,57099,55897,56134,872648
BVH,2025-03-01,54064,54763,52581,53314,313984
BVH,2025-02-28,54984,55891,54449,54526,431002
BVH,2025-02-27,53180,54226,52817,53312,246805
BVH,2025-02-26,53923,54751,53126,54242,629778
BVH,2025-02-25,53273,53737,52518,52855,771433
BVH,2025-02-24,51517,53319,51023,52517,452105
BVH,2025-02-23,54108,55122,53403,54150,282026
BVH,2025-02-22,51961,53379,51270,52920,516718
BVH,2025-02-21,55673,56261,55607,55679,451902
BVH,2025-02-20,54964,56602,54445,55797,632596
BVH,2025-02-19,52860,53853,52207,52967,100440
BVH,2025-02-18,53936,54103,53274,53979,106372
BVH,2025-02-17,52294,53027,51633,52803,144045
BVH,2025-02-16,52364,52943,51272,51494,380681
BVH,2025-02-15,53911,55052,53395,54601,833228
BVH,2025-02-14,51270,51591,51081,51290,123989
BVH,2025-02-13,53781,54750,53345,54048,693047
BVH,2025-02-12,54292,54921,53621,54729,515571
BVH,2025-02-11,51202,52017,50771,51200,593335
BVH,2025-02-10,50751,51200,50442,50809,765042
BVH,2025-02-09,53463,54483,53104,53570,459080
BVH,2025-02-08,50606,52157,50333,51395,854974
BVH,2025-02-07,53025,54300,52822,53933,785313
BVH,2025-02-06,54070,54232,52994,53100,511218
BVH,2025-02-05,50547,51997,49953,51159,837514
BVH,2025-02-04,50877,51500,50793,50861,797406
BVH,2025-02-03,52919,53844,52202,53287,944889
BVH,2025-02-02,51507,51547,49866,50846,924414
BVH,2025-02-01,51140,51224,49866,50564,399786
BVH,2025-01-31,51088,51755,50875,50987,751977
BVH,2025-01-30,54335,54740,53383,53582,243737
BVH,2025-01-29,52730,53976,51931,53384,788162
BVH,2025-01-28,53154,54068,52119,52443,641232
BVH,2025-01-27,52111,53171,51756,52658,728992
BVH,2025-01-26,51590,51910,51371,51803,860719
BVH,2025-01-25,52741,52975,51418,51922,989024
BVH,2025-01-24,51009,52194,50978,51308,218972
BVH,2025-01-23,51816,53428,51156,52593,844141
BVH,2025-01-22,50552,51492,49932,51029,772010
BVH,2025-01-21,50832,52108,50409,51814,974726
BVH,2025-01-20,52684,53082,51213,51981,839153
BVH,2025-01-19,49775,50698,49035,50528,602043
BVH,2025-01-18,50471,51363,49850,51243,837690
BVH,2025-01-17,50434,50922,49682,50182,595431
BVH,2025-01-16,49662,50348,49276,49477,180785
BVH,2025-01-15,49156,49367,48404,48417,197246
BVH,2025-01-14,52712,53661,51636,52015,364034
CTG,2025-04-13,58651,59821,57661,58863,408901
CTG,2025-04-12,58687,59052,57694,57862,411172
CTG,2025-04-11,57521,58186,56446,57293,643288
CTG,2025-04-10,57230,59082,56612,58094,530312
CTG,2025-04-09,60122,61018,58718,59277,462652
CTG,2025-04-08,58737,59325,57947,58538,455406
CTG,2025-04-07,57219,58355,56517,58163,458795
CTG,2025-04-06,56371,57890,55873,57142,956164
CTG,2025-04-05,58681,59392,58448,59081,903064
CTG,2025-04-04,58241,59229,57478,59080,280646
CTG,2025-04-03,56075,56836,55677,56272,849917
CTG,2025-04-02,58688,58916,57353,58086,841522
CTG,2025-04-01,57217,57556,56585,57398,153708
CTG,2025-03-31,57320,58228,56178,56618,117588
CTG,2025-03-30,55532,55628,55457,55602,265827
CTG,2025-03-29,55581,57091,55145,56311,514782
CTG,2025-03-28,57596,58678,57283,58267,908971
CTG,2025-03-27,58930,58951,58082,58547,378923
CTG,2025-03-26,56972,57690,56522,56720,390552
CTG,2025-03-25,55531,56491,55107,56248,559530
CTG,2025-03-24,56915,57894,56377,56620,519336
CTG,2025-03-23,56724,57147,55723,55848,713136
CTG,2025-03-22,55041,55347,54457,55248,955645
CTG,2025-03-21,56010,56484,54567,55451,296058
CTG,2025-03-20,56416,57273,55614,55997,221412
CTG,2025-03-19,55629,56099,54566,55307,845312
CTG,2025-03-18,55925,56424,54353,55034,283066
CTG,2025-03-17,57293,58462,57252,57807,705235
CTG,2025-03-16,56298,56550,55753,56544,627844
CTG,2025-03-15,56815,57454,56373,56426,671049
CTG,2025-03-14,55923,56086,54979,55542,267353
CTG,2025-03-13,57351,58392,56724,57502,848829
CTG,2025-03-12,57199,57671,56694,57239,612172
CTG,2025-03-11,55016,56148,54151,55567,660716
CTG,2025-03-10,54347,55959,53496,55005,673452
CTG,2025-03-09,54708,56133,53838,55448,937883
CTG,2025-03-08,54648,55118,54200,54855,320470
CTG,2025-03-07,53446,54498,52895,54276,291453
CTG,2025-03-06,56429,56671,54685,55658,384071
CTG,2025-03-05,53921,54052,53147,53697,503106
CTG,2025-03-04,55717,56886,55075,56662,182568
CTG,2025-03-03,55681,56139,55328,55921,449889
CTG,2025-03-02,53198,54453,52317,54124,338553
CTG,2025-03-01,54079,55110,53132,54141,225412
CTG,2025-02-28,55797,55902,55388,55497,426787
CTG,2025-02-27,55499,56510,55475,55564,130480
CTG,2025-02-26,55042,56085,54451,55261,892084
CTG,2025-02-25,52446,53854,52313,53123,863227
CTG,2025-02-24,55332,56277,55143,55908,735423
CTG,2025-02-23,56810,57212,55609,55917,279705
CTG,2025-02-22,51575,53019,51247,52241,511736
CTG,2025-02-21,53529,54339,52461,52790,677733
CTG,2025-02-20,55527,55700,54853,54884,151268
CTG,2025-02-19,52281,52844,51953,52314,530501
CTG,2025-02-18,54883,56291,53937,55583,327049
CTG,2025-02-17,54117,54339,53423,54213,821316
CTG,2025-02-16,54784,55636,54419,54678,164399
CTG,2025-02-15,53611,54497,52799,54116,220700
CTG,2025-02-14,54858,55550,53499,54479,411856
CTG,2025-02-13,52762,54687,52676,53726,919420
CTG,2025-02-12,51528,52038,51326,51405,774380
CTG,2025-02-11,53305,54261,53292,53596,918875
CTG,2025-02-10,55009,55601,53387,54092,903133
CTG,2025-02-09,52213,52743,50539,51294,185902
CTG,2025-02-08,50173,51927,49572,51102,109387
CTG,2025-02-07,52516,53497,51588,53304,418385
CTG,2025-02-06,54389,54633,53322,54135,651599
CTG,2025-02-05,53563,53897,52014,52655,853738
CTG,2025-02-04,50243,51105,50127,50637,537212
CTG,2025-02-03,51875,52008,51240,51560,304670
CTG,2025-02-02,51553,52533,50074,50999,344001
CTG,2025-02-01,52940,53687,52260,53080,558393
CTG,2025-01-31,52191,53568,51835,52864,475708
CTG,2025-01-30,52088,53636,51316,52864,701597
CTG,2025-01-29,53933,54902,53069,53587,526411
CTG,2025-01-28,53435,54325,52523,52749,206748
CTG,2025-01-27,51708,52063,51461,51650,523106
CTG,2025-01-26,49119,50658,48893,49945,345197
CTG,2025-01-25,51436,52158,51215,52058,212661
CTG,2025-01-24,50151,51888,49227,51012,742857
CTG,2025-01-23,50243,51238,49417,49573,752133
CTG,2025-01-22,51481,52376,50567,52221,894666
CTG,2025-01-21,49149,49610,48686,49244,748533
CTG,2025-01-20,49901,50345,48486,48950,957356
CTG,2025-01-19,49369,50429,48817,49489,978479
CTG,2025-01-18,47868,49147,47075,48639,720802
CTG,2025-01-17,50514,50779,49511,50386,663237
CTG,2025-01-16,49423,49776,49190,49248,416972
CTG,2025-01-15,50319,51312,49686,50545,840117
CTG,2025-01-14,50424,50634,50352,50532,853899
FPT,2025-04-13,59914,61284,59025,60909,632329
FPT,2025-04-12,57454,57493,56464,57018,629933
FPT,2025-04-11,58263,58284,57151,57467,205813
FPT,2025-04-10,60966,61416,60120,60330,102750
FPT,2025-04-09,57885,58151,56833,57169,755822
FPT,2025-04-08,56815,57403,56067,57042,850943
FPT,2025-04-07,59298,59421,58066,58675,478941
FPT,2025-04-06,57858,58179,57331,58107,553000
FPT,2025-04-05,57425,58941,56623,57972,214585
FPT,2025-04-04,57118,57687,56744,57420,559434
FPT,2025-04-03,56242,56942,55982,56107,680998
FPT,2025-04-02,58037,59092,57605,58320,456547
FPT,2025-04-01,56107,57708,55907,57075,571266
FPT,2025-03-31,57254,57855,56771,56947,478776
FPT,2025-03-30,57762,58765,57032,58014,439591
FPT,2025-03-29,56384,57028,55504,55580,406143
FPT,2025-03-28,58697,59472,58183,58527,734246
FPT,2025-03-27,56004,56939,55204,55899,462995
FPT,2025-03-26,59409,59671,58654,59023,224282
FPT,2025-03-25,56048,56364,54823,55545,388448
FPT,2025-03-24,56269,57180,55524,57172,477222
FPT,2025-03-23,58239,58510,57504,57725,788194
FPT,2025-03-22,54883,55825,54437,55628,781988
FPT,2025-03-21,56435,57259,55480,56208,566611
FPT,2025-03-20,57837,59247,57557,58583,390557
FPT,2025-03-19,56415,57135,56236,56929,256071
FPT,2025-03-18,55768,56409,55563,56009,975810
FPT,2025-03-17,54856,55893,54592,55445,935801
FPT,2025-03-16,55977,56276,55340,55580,586098
FPT,2025-03-15,57269,57769,55998,56491,289241
FPT,2025-03-14,56588,56739,56163,56285,268974
FPT,2025-03-13,56015,56908,55804,56625,665514
FPT,2025-03-12,56657,57383,55746,56160,427440
FPT,2025-03-11,57548,58193,57546,57627,172850
FPT,2025-03-10,56109,56536,55156,56037,811949
FPT,2025-03-09,54695,54717,53511,54118,381309
FPT,2025-03-08,55548,56233,54471,54615,503606
FPT,2025-03-07,56525,56590,55148,55568,726682
FPT,2025-03-06,53629,54582,52360,53292,784978
FPT,2025-03-05,53441,54661,52729,54337,489937
FPT,2025-03-04,54848,55282,53861,53861,905838
FPT,2025-03-03,52578,53396,51648,53378,204634
FPT,2025-03-02,55608,55912,54502,55200,289286
FPT,2025-03-01,52384,53244,51806,53210,208609
FPT,2025-02-28,54670,55027,54387,54607,368802
FPT,2025-02-27,56068,56664,55660,55856,337032
FPT,2025-02-26,54546,54838,53856,53912,281676
FPT,2025-02-25,52937,53327,52749,53084,582231
FPT,2025-02-24,56170,56761,54706,55505,653442
FPT,2025-02-23,53407,54418,52929,54308,122332
FPT,2025-02-22,53328,53328,53295,53313,650165
FPT,2025-02-21,53274,53442,52522,53317,805940
FPT,2025-02-20,54008,54357,52625,53099,631448
FPT,2025-02-19,52901,53398,51990,52881,181046
FPT,2025-02-18,52702,53602,52150,52419,664256
FPT,2025-02-17,52558,53541,52505,53171,682704
FPT,2025-02-16,53580,53921,52184,52602,209703
FPT,2025-02-15,53949,54974,53347,54932,140341
FPT,2025-02-14,54762,54975,53774,54187,732658
FPT,2025-02-13,54420,54921,53941,54883,757829
FPT,2025-02-12,51669,52607,51157,51211,760246
FPT,2025-02-11,51798,52564,51454,52375,177767
FPT,2025-02-10,53173,54576,52615,53934,928511
FPT,2025-02-09,53598,53727,52366,53008,535266
FPT,2025-02-08,52865,53331,52728,53068,962227
FPT,2025-02-07,52534,53188,51996,53054,561304
FPT,2025-02-06,52224,53071,51814,52445,708766
FPT,2025-02-05,54752,55093,53740,53860,417580
FPT,2025-02-04,49946,50693,49878,50302,599527
FPT,2025-02-03,50160,51336,49681,51160,952693
FPT,2025-02-02,52188,52720,50400,51332,213317
FPT,2025-02-01,50789,51843,50012,50953,210645
FPT,2025-01-31,50149,50723,49031,49894,428978
FPT,2025-01-30,49107,50330,48848,49954,303885
FPT,2025-01-29,50963,51615,50958,51023,818220
FPT,2025-01-28,50172,51008,49730,49954,999806
FPT,2025-01-27,50728,51239,48946,49895,112890
FPT,2025-01-26,49091,49810,48974,49607,380111
FPT,2025-01-25,53563,53814,52641,52729,466709
FPT,2025-01-24,50956,51877,50631,51561,293226
FPT,2025-01-23,51982,53618,51481,52948,531089
FPT,2025-01-22,53111,54087,52766,52886,734966
FPT,2025-01-21,49798,50623,48987,49383,681959
FPT,2025-01-20,51932,52581,51117,52298,728752
FPT,2025-01-19,48792,49478,48644,48857,524802
FPT,2025-01-18,51862,52353,51300,52157,730169
FPT,2025-01-17,51286,52212,50613,51586,327295
FPT,2025-01-16,50377,51396,49425,50680,121247
FPT,2025-01-15,50620,51880,50582,51510,265282
FPT,2025-01-14,50776,51918,50506,51046,612129
GAS,2025-04-13,59894,60612,58295,58917,687942
GAS,2025-04-12,59034,59824,57974,58744,946781
GAS,2025-04-11,58268,59563,57311,58962,989947
GAS,2025-04-10,60423,61184,59176,59714,141848
GAS,2025-04-09,56990,57287,56748,57077,285763
GAS,2025-04-08,58730,58853,58449,58853,997263
GAS,2025-04-07,57186,57642,56715,56855,491035
GAS,2025-04-06,56187,56806,55868,56791,142821
GAS,2025-04-05,58927,59232,57801,58356,643959
GAS,2025-04-04,60479,60740,59260,59773,199418
GAS,2025-04-03,60059,60584,58350,59173,544803
GAS,2025-04-02,58382,59411,57983,58661,788510
GAS,2025-04-01,57867,58520,57181,58441,468237
GAS,2025-03-31,59909,60461,58178,58980,410188
GAS,2025-03-30,56830,57846,56070,57211,804380
GAS,2025-03-29,57191,58267,56416,57980,333484
GAS,2025-03-28,58736,59490,58724,59131,285343
GAS,2025-03-27,58551,59064,57664,58182,315878
GAS,2025-03-26,56736,56769,55002,55743,780235
GAS,2025-03-25,55724,55730,54749,55400,536279
GAS,2025-03-24,58741,59017,58477,58756,725069
GAS,2025-03-23,57465,57524,56602,57503,437637
GAS,2025-03-22,56328,57100,56053,56118,866240
GAS,2025-03-21,55191,55543,54452,55064,447045
GAS,2025-03-20,57557,58550,56663,57225,113214
GAS,2025-03-19,57426,57819,56110,57050,132739
GAS,2025-03-18,56408,57190,55939,56465,358657
GAS,2025-03-17,56711,57575,55938,56695,885977
GAS,2025-03-16,55532,56117,54199,55121,501781
GAS,2025-03-15,54639,56206,54122,55494,443818
GAS,2025-03-14,56083,57709,55240,56931,164917
GAS,2025-03-13,57962,58941,56504,57337,336826
GAS,2025-03-12,55567,56543,55391,55767,768511
GAS,2025-03-11,54867,55364,53125,54060,159370
GAS,2025-03-10,55754,55807,53863,54851,730273
GAS,2025-03-09,55489,56602,54498,56088,514266
GAS,2025-03-08,54766,55447,53994,54494,151868
GAS,2025-03-07,55326,55421,53932,54838,676509
GAS,2025-03-06,56440,57427,55076,56066,432839
GAS,2025-03-05,53490,54386,52263,53234,416225
GAS,2025-03-04,53812,54250,52314,53170,463600
GAS,2025-03-03,53350,54809,53142,54005,837344
GAS,2025-03-02,55223,55540,54178,54739,917048
GAS,2025-03-01,54249,54519,53507,54233,659555
GAS,2025-02-28,56290,56903,55283,56025,756937
GAS,2025-02-27,52683,53054,52276,52578,754671
GAS,2025-02-26,56653,57012,56101,56237,648340
GAS,2025-02-25,52396,53617,51512,53321,455942
GAS,2025-02-24,53654,54235,52717,53481,847221
GAS,2025-02-23,53288,53815,51799,52749,470790
GAS,2025-02-22,55479,56097,54097,54980,190097
GAS,2025-02-21,54834,55360,53389,54144,408095
GAS,2025-02-20,55220,56189,54803,55580,434376
GAS,2025-02-19,53393,54552,52849,54212,433848
GAS,2025-02-18,52607,53843,51618,53375,364914
GAS,2025-02-17,52709,53688,51835,51999,425404
GAS,2025-02-16,51631,52999,50688,52157,402526
GAS,2025-02-15,53470,54747,53254,54213,328102
GAS,2025-02-14,54191,54897,53944,54180,526565
GAS,2025-02-13,52120,53113,51349,52677,534090
GAS,2025-02-12,53332,54622,53184,53910,237064
GAS,2025-02-11,52704,53814,52500,53040,645853
GAS,2025-02-10,52403,53538,51941,52905,512738
GAS,2025-02-09,53853,54197,52686,53268,509392
GAS,2025-02-08,53488,55022,52948,54371,808409
GAS,2025-02-07,54531,55321,53801,53889,168932
GAS,2025-02-06,52667,53123,51383,52361,409597
GAS,2025-02-05,52370,53263,51295,51673,813520
GAS,2025-02-04,54385,54902,53214,53980,937304
GAS,2025-02-03,51140,52199,51019,51447,366376
GAS,2025-02-02,50094,51573,49642,50740,376465
GAS,2025-02-01,50682,52025,50227,51138,906254
GAS,2025-01-31,51970,53709,51491,52724,481906
GAS,2025-01-30,50162,51724,49924,50804,356523
GAS,2025-01-29,49725,50266,49205,50022,800980
GAS,2025-01-28,53624,54601,52898,53002,521875
GAS,2025-01-27,50657,51218,49567,50441,707010
GAS,2025-01-26,50651,51053,49737,49984,797560
GAS,2025-01-25,51183,52260,50911,52059,903469
GAS,2025-01-24,52968,53112,51631,52057,608621
GAS,2025-01-23,52650,53338,51597,51869,746843
GAS,2025-01-22,52611,52705,52407,52453,563317
GAS,2025-01-21,52046,52315,51557,51687,627171
GAS,2025-01-20,51128,51545,49834,50286,767227
GAS,2025-01-19,51676,52816,51505,52589,834026
GAS,2025-01-18,50013,50195,49730,50014,159803
GAS,2025-01-17,48228,49314,47466,48877,880152
GAS,2025-01-16,53157,53401,51583,52194,268751
GAS,2025-01-15,49964,50396,49606,50175,726358
GAS,2025-01-14,50610,52123,50549,51557,696500
GVR,2025-04-13,56437,57180,56180,57064,545041
GVR,2025-04-12,57501,58814,57077,57926,770449
GVR,2025-04-11,58886,59677,58766,58851,456543
GVR,2025-04-10,58615,59823,58084,58856,114418
GVR,2025-04-09,58250,59166,56837,57593,139661
GVR,2025-04-08,56665,57661,56238,57301,185284
GVR,2025-04-07,56246,56767,55603,56765,844184
GVR,2025-04-06,59430,59529,59043,59134,945635
GVR,2025-04-05,56197,56455,55353,56431,289940
GVR,2025-04-04,60085,61048,59128,59919,328805
GVR,2025-04-03,60306,60988,58979,59598,730787
GVR,2025-04-02,58430,58924,57229,57916,830702
GVR,2025-04-01,57374,58575,57086,57788,703128
GVR,2025-03-31,57537,58375,57255,57930,715251
GVR,2025-03-30,56673,56917,55883,56411,256822
GVR,2025-03-29,58935,60042,58882,59184,142823
GVR,2025-03-28,57766,58090,56599,57069,294357
GVR,2025-03-27,56950,57591,55133,55984,592657
GVR,2025-03-26,58247,58996,58164,58369,489181
GVR,2025-03-25,55887,56623,54925,55365,686497
GVR,2025-03-24,59574,59579,57927,58680,676343
GVR,2025-03-23,55287,56307,55037,55785,184210
GVR,2025-03-22,57174,58250,56599,57942,335664
GVR,2025-03-21,56820,57635,56724,57185,648535
GVR,2025-03-20,54837,55858,54285,55388,655326
GVR,2025-03-19,56755,57140,56229,56672,723364
GVR,2025-03-18,54590,55731,53994,55335,356377
GVR,2025-03-17,54417,55468,54263,54683,732145
GVR,2025-03-16,55249,56240,54498,55012,678110
GVR,2025-03-15,58490,59176,57063,58012,342005
GVR,2025-03-14,58556,58812,57168,57887,900202
GVR,2025-03-13,56797,58000,56047,57147,917861
GVR,2025-03-12,57026,57286,55791,56787,801839
GVR,2025-03-11,56310,56357,54492,55468,676538
GVR,2025-03-10,57828,58022,56182,56874,806417
GVR,2025-03-09,54388,54738,53132,54077,734368
GVR,2025-03-08,53351,54328,53223,53770,758962
GVR,2025-03-07,56730,57197,55811,56114,669029
GVR,2025-03-06,56661,57126,56143,56337,545209
GVR,2025-03-05,54189,54983,52297,53287,165612
GVR,2025-03-04,56732,57170,56305,56782,317591
GVR,2025-03-03,55402,55934,54439,55023,122261
GVR,2025-03-02,54763,55348,54145,54628,759112
GVR,2025-03-01,53409,54376,52278,52867,435704
GVR,2025-02-28,53779,53786,52701,53465,855703
GVR,2025-02-27,53505,53743,53132,53617,474649
GVR,2025-02-26,55099,56352,54695,55444,666173
GVR,2025-02-25,53684,54426,52488,52698,224692
GVR,2025-02-24,54738,55375,53672,53934,734093
GVR,2025-02-23,55020,55671,54079,55042,587104
GVR,2025-02-22,54847,55789,54551,55256,397813
GVR,2025-02-21,52914,53725,52231,52279,701407
GVR,2025-02-20,54296,55048,53334,53397,372956
GVR,2025-02-19,53827,54792,52882,54605,490923
GVR,2025-02-18,54824,55422,54174,55344,386382
GVR,2025-02-17,52710,52848,51508,52208,807671
GVR,2025-02-16,51479,52197,51223,52117,603251
GVR,2025-02-15,54896,55275,53969,54084,845775
GVR,2025-02-14,50656,51911,50434,51234,959886
GVR,2025-02-13,53766,55133,53026,54667,495581
GVR,2025-02-12,52232,53004,51629,52826,465640
GVR,2025-02-11,54044,54382,53216,53974,985882
GVR,2025-02-10,52355,53471,51925,52823,500697
GVR,2025-02-09,53460,54209,52465,53678,406474
GVR,2025-02-08,51554,51631,50638,51418,323014
GVR,2025-02-07,53317,54259,53202,54250,464575
GVR,2025-02-06,52975,54341,52199,53873,821146
GVR,2025-02-05,50291,51883,50157,51206,905691
GVR,2025-02-04,50975,52026,50767,51790,371934
GVR,2025-02-03,54054,54890,52228,53220,454640
GVR,2025-02-02,51859,52885,51508,52638,814781
GVR,2025-02-01,51425,52013,51021,51995,476630
GVR,2025-01-31,49569,50096,48728,50074,471470
GVR,2025-01-30,50717,51500,49695,50099,851408
GVR,2025-01-29,50728,51163,50205,50972,376700
GVR,2025-01-28,53281,53983,52394,53486,889602
GVR,2025-01-27,51035,51058,49268,50225,836990
GVR,2025-01-26,51670,51926,50174,50790,793593
GVR,2025-01-25,51759,52465,50949,52106,628033
GVR,2025-01-24,52803,53579,51681,51836,675506
GVR,2025-01-23,51428,51961,50652,50782,730538
GVR,2025-01-22,48215,49165,47433,48975,361452
GVR,2025-01-21,49164,49258,48191,49149,233567
GVR,2025-01-20,49112,50178,48627,50040,565544
GVR,2025-01-19,51233,51755,50253,51526,882714
GVR,2025-01-18,50664,51308,48771,49761,621702
GVR,2025-01-17,49422,49870,47938,48551,763554
GVR,2025-01-16,52331,53216,51567,51631,226798
GVR,2025-01-15,50291,51189,49920,50618,118714
GVR,2025-01-14,50518,51087,49074,49537,682900
HDB,2025-04-13,57372,58634,56417,57821,180993
HDB,2025-04-12,57970,58512,56466,57144,228290
HDB,2025-04-11,58964,60283,58248,59345,549837
HDB,2025-04-10,60499,60735,59055,59910,581742
HDB,2025-04-09,60801,61275,59615,60301,386521
HDB,2025-04-08,60384,61214,60228,60418,941451
HDB,2025-04-07,59403,60003,58865,59135,188399
HDB,2025-04-06,58841,60055,58281,59520,589891
HDB,2025-04-05,57801,58759,57309,57925,159724
HDB,2025-04-04,59778,60610,58598,59042,848178
HDB,2025-04-03,58367,59687,58291,59277,303928
HDB,2025-04-02,59602,59914,58729,59678,968766
HDB,2025-04-01,59118,59955,58887,59290,482205
HDB,2025-03-31,59108,59157,58259,58328,361035
HDB,2025-03-30,57985,58886,57466,58444,741160
HDB,2025-03-29,56237,56396,55292,55671,244343
HDB,2025-03-28,55993,56388,55432,56121,339284
HDB,2025-03-27,58194,59050,58147,59031,906508
HDB,2025-03-26,58664,59444,57955,58840,689159
HDB,2025-03-25,56925,56975,55618,56604,571833
HDB,2025-03-24,54319,55785,53589,55151,608057
HDB,2025-03-23,57145,57515,56941,57088,928906
HDB,2025-03-22,56962,57896,56205,56813,792599
HDB,2025-03-21,57586,58951,57084,58141,106639
HDB,2025-03-20,58460,58809,56853,57807,659969
HDB,2025-03-19,58049,58550,57614,57986,957775
HDB,2025-03-18,56895,57818,56130,56753,417175
HDB,2025-03-17,57091,58076,56620,56851,877193
HDB,2025-03-16,54641,54765,53414,54219,457696
HDB,2025-03-15,56403,56578,55428,56100,920583
HDB,2025-03-14,57430,57669,56908,57274,996538
HDB,2025-03-13,55227,55876,55057,55358,312755
HDB,2025-03-12,54525,55216,53911,54338,739926
HDB,2025-03-11,55005,55765,53916,54008,703262
HDB,2025-03-10,54122,54829,53975,54746,570752
HDB,2025-03-09,57042,57469,56323,57067,911097
HDB,2025-03-08,54734,55662,53774,55194,713245
HDB,2025-03-07,54595,55572,53649,54926,539648
HDB,2025-03-06,55381,56731,55094,55971,766191
HDB,2025-03-05,56242,57139,55322,56776,770778
HDB,2025-03-04,53446,54227,52825,53287,759267
HDB,2025-03-03,55598,56324,54643,56065,379978
HDB,2025-03-02,55470,56971,54944,56379,748463
HDB,2025-03-01,56235,56647,55010,55664,723707
HDB,2025-02-28,55168,55723,54312,55548,755036
HDB,2025-02-27,56634,57558,55490,56373,912459
HDB,2025-02-26,51726,52522,51002,52407,477004
HDB,2025-02-25,52615,53429,52194,52327,379644
HDB,2025-02-24,53226,54614,52397,53836,380460
HDB,2025-02-23,52580,54066,51830,53334,348386
HDB,2025-02-22,54480,55885,54188,55276,992608
HDB,2025-02-21,54316,54951,53595,53805,682337
HDB,2025-02-20,53787,54683,52288,53136,172119
HDB,2025-02-19,52023,52240,51046,52197,944400
HDB,2025-02-18,55528,56300,54374,54607,277421
HDB,2025-02-17,54831,55745,53314,53999,433465
HDB,2025-02-16,51307,52409,50319,51589,823279
HDB,2025-02-15,53582,54613,53380,53766,810406
HDB,2025-02-14,55029,55338,54134,54815,643264
HDB,2025-02-13,53095,54557,52505,53903,178842
HDB,2025-02-12,52655,53455,52362,52777,416973
HDB,2025-02-11,52425,52988,51213,51926,598417
HDB,2025-02-10,53692,54399,52823,54190,776723
HDB,2025-02-09,55274,55366,54015,54544,114758
HDB,2025-02-08,52276,52978,52184,52903,724760
HDB,2025-02-07,53425,54988,52583,54369,973979
HDB,2025-02-06,54212,54295,53372,53574,573902
HDB,2025-02-05,50394,50845,49697,50547,484796
HDB,2025-02-04,54004,54914,52305,53136,561727
HDB,2025-02-03,52991,53733,52371,53677,178802
HDB,2025-02-02,52710,53090,51342,51717,933985
HDB,2025-02-01,49310,50841,48514,49949,774434
HDB,2025-01-31,52275,52903,51252,51683,587085
HDB,2025-01-30,53450,53516,52622,52943,682781
HDB,2025-01-29,52978,54413,52880,53473,343541
HDB,2025-01-28,50209,50710,49590,50444,975685
HDB,2025-01-27,52495,52990,50871,51858,990297
HDB,2025-01-26,48715,49989,48475,49693,780394
HDB,2025-01-25,53501,53540,52302,52567,186844
HDB,2025-01-24,53674,54214,52770,53078,940095
HDB,2025-01-23,50665,51250,49572,50034,602373
HDB,2025-01-22,50204,51031,49477,50315,214561
HDB,2025-01-21,52230,52334,51241,52037,882110
HDB,2025-01-20,52001,52313,51264,52127,998630
HDB,2025-01-19,50864,50870,49788,50145,716099
HDB,2025-01-18,48359,50250,47723,49314,527157
HDB,2025-01-17,49777,50487,49414,50040,555085
HDB,2025-01-16,49358,49552,48318,49102,573340
HDB,2025-01-15,48546,50077,48283,49497,754500
HDB,2025-01-14,50014,50964,48785,49582,117869
HPG,2025-04-13,59030,59936,58191,58983,320162
HPG,2025-04-12,59700,61076,59359,60589,600982
HPG,2025-04-11,58829,59198,58475,58854,969673
HPG,2025-04-10,57922,59375,56957,58647,488498
HPG,2025-04-09,57115,57809,56993,57204,561096
HPG,2025-04-08,59219,59919,58661,58894,928046
HPG,2025-04-07,58776,59495,57192,57835,196722
HPG,2025-04-06,57664,58249,56445,56756,807624
HPG,2025-04-05,58319,59011,57383,58208,174196
HPG,2025-04-04,55379,57274,54946,56352,473128
HPG,2025-04-03,58235,59337,57900,59026,320792
HPG,2025-04-02,57111,58099,56439,57857,281691
HPG,2025-04-01,56342,57219,55437,56125,573499
HPG,2025-03-31,58543,58955,57808,57991,979569
HPG,2025-03-30,58732,59153,58406,58790,263306
HPG,2025-03-29,59004,59394,57555,58384,478528
HPG,2025-03-28,58734,59265,58002,58463,536744
HPG,2025-03-27,56570,57555,55782,57422,437146
HPG,2025-03-26,56522,58319,56178,57388,405365
HPG,2025-03-25,55744,55804,54859,55753,936103
HPG,2025-03-24,56963,58308,56611,57920,509787
HPG,2025-03-23,57914,57990,57171,57912,511909
HPG,2025-03-22,57128,57946,56184,57303,168671
HPG,2025-03-21,57360,57582,55975,56499,248983
HPG,2025-03-20,56600,57051,56136,56643,285800
HPG,2025-03-19,57038,57914,56436,57185,762901
HPG,2025-03-18,54036,54576,54025,54443,523362
HPG,2025-03-17,57129,57278,56091,56412,260304
HPG,2025-03-16,57265,57774,56569,57607,718615
HPG,2025-03-15,58555,58874,57469,57935,862491
HPG,2025-03-14,54123,55514,53962,54667,957882
HPG,2025-03-13,54272,54631,53967,54246,255288
HPG,2025-03-12,55860,56738,55371,55899,199564
HPG,2025-03-11,57023,57524,56049,57436,614178
HPG,2025-03-10,56786,57871,56055,57394,841089
HPG,2025-03-09,54419,55158,52823,53614,164731
HPG,2025-03-08,54372,55486,54263,55013,828194
HPG,2025-03-07,55921,56245,54301,55052,838476
HPG,2025-03-06,55806,56286,54874,55265,851064
HPG,2025-03-05,55852,56392,54432,54974,381060
HPG,2025-03-04,54832,55788,54421,55447,779162
HPG,2025-03-03,54990,55678,54312,55323,283478
HPG,2025-03-02,54944,55767,54268,54799,998616
HPG,2025-03-01,55446,56025,54901,55293,895257
HPG,2025-02-28,54960,55639,54833,55571,802075
HPG,2025-02-27,54336,55286,52829,53551,944627
HPG,2025-02-26,54611,54713,54471,54589,275066
HPG,2025-02-25,55526,56577,55079,55786,548703
HPG,2025-02-24,55266,56313,54771,56047,793606
HPG,2025-02-23,55367,56234,53600,54385,537361
HPG,2025-02-22,55027,55237,54387,54641,442025
HPG,2025-02-21,52777,53130,51905,52798,694933
HPG,2025-02-20,55782,55967,55042,55792,845582
HPG,2025-02-19,52773,53347,51380,51876,113389
HPG,2025-02-18,54868,55431,54802,54863,985184
HPG,2025-02-17,53152,54715,52480,53731,518362
HPG,2025-02-16,55572,55627,54294,54968,118070
HPG,2025-02-15,55744,56316,54298,54919,125035
HPG,2025-02-14,50907,52673,50901,51847,566332
HPG,2025-02-13,54527,55090,53784,54348,600911
HPG,2025-02-12,54667,55744,54111,54863,251767
HPG,2025-02-11,54345,54433,53475,54252,341773
HPG,2025-02-10,54520,54878,53564,53852,994302
HPG,2025-02-09,54134,55079,53563,53776,358292
HPG,2025-02-08,52068,52335,50763,51482,532848
HPG,2025-02-07,52802,53015,51979,52325,640898
HPG,2025-02-06,51749,51844,51053,51738,185718
HPG,2025-02-05,54063,55035,53761,53941,297942
HPG,2025-02-04,53875,54411,53284,53595,753925
HPG,2025-02-03,52815,53165,51517,52463,810413
HPG,2025-02-02,50584,51145,49599,50178,824059
HPG,2025-02-01,51766,52651,50920,51214,348640
HPG,2025-01-31,51370,51908,51138,51171,528193
HPG,2025-01-30,51783,51943,50896,51309,134755
HPG,2025-01-29,53264,54157,52389,53477,411412
HPG,2025-01-28,49781,50284,49732,49974,674476
HPG,2025-01-27,50249,50571,49430,49551,114100
HPG,2025-01-26,52196,52780,52006,52627,401018
HPG,2025-01-25,50865,50968,49872,50071,257715
HPG,2025-01-24,49892,50731,49126,49985,813753
HPG,2025-01-23,50906,51323,50294,50457,755000
HPG,2025-01-22,51890,52426,50031,51024,603136
HPG,2025-01-21,48332,49284,48320,49032,275938
HPG,2025-01-20,48845,50402,48124,49508,499533
HPG,2025-01-19,49428,50270,48790,48925,773796
HPG,2025-01-18,50717,52297,49804,51637,392298
HPG,2025-01-17,49731,50596,48773,49049,328037
HPG,2025-01-16,49216,49337,49000,49087,709702
HPG,2025-01-15,50954,51431,50047,50995,529876
HPG,2025-01-14,51094,51728,50150,50645,262258
LPB,2025-04-13,60908,61100,60532,60907,708656
LPB,2025-04-12,61834,62606,59913,60866,518488
LPB,2025-04-11,59125,59387,58387,59028,203029
LPB,2025-04-10,58307,59953,57337,59235,876161
LPB,2025-04-09,57961,58524,57238,57524,963361
LPB,2025-04-08,56476,57825,55904,57423,393626
LPB,2025-04-07,59042,59629,57544,58147,653992
LPB,2025-04-06,58441,59084,57626,57662,919018
LPB,2025-04-05,57784,58689,57750,58225,769974
LPB,2025-04-04,58942,59244,57936,58514,691889
LPB,2025-04-03,56711,57535,56239,57400,634594
LPB,2025-04-02,56785,57513,56651,57443,975011
LPB,2025-04-01,58386,58599,57506,57774,479674
LPB,2025-03-31,59298,60268,58161,58976,959990
LPB,2025-03-30,56774,57605,56177,56460,393624
LPB,2025-03-29,55257,56153,54886,55671,867316
LPB,2025-03-28,56014,56346,55536,56032,811425
LPB,2025-03-27,54939,56006,54356,55852,870866
LPB,2025-03-26,56486,57403,55039,55710,541267
LPB,2025-03-25,55690,56913,55150,55922,312466
LPB,2025-03-24,59472,59851,58259,59000,730232
LPB,2025-03-23,55614,55916,54949,55384,246752
LPB,2025-03-22,55673,57495,54736,56653,902888
LPB,2025-03-21,56849,57248,56634,57161,323989
LPB,2025-03-20,58518,58916,57079,57779,141301
LPB,2025-03-19,57840,58388,57440,57883,721099
LPB,2025-03-18,56124,56843,55873,56273,423336
LPB,2025-03-17,57117,57476,56144,57137,136982
LPB,2025-03-16,56055,56846,55443,55799,204167
LPB,2025-03-15,54407,55323,53449,55322,526338
LPB,2025-03-14,55782,57078,55578,56697,663698
LPB,2025-03-13,56710,57906,56591,57100,118516
LPB,2025-03-12,56197,57299,55909,56748,297966
LPB,2025-03-11,55534,56580,55498,56232,759549
LPB,2025-03-10,57775,58623,56932,57450,188857
LPB,2025-03-09,55710,56841,54957,56468,402484
LPB,2025-03-08,53064,53940,52440,53670,266748
LPB,2025-03-07,56147,57512,55589,56651,396212
LPB,2025-03-06,54362,56106,53564,55268,685224
LPB,2025-03-05,52770,53278,52637,53174,916902
LPB,2025-03-04,56662,57536,55620,56262,718929
LPB,2025-03-03,53285,54094,52498,53414,604710
LPB,2025-03-02,57093,57779,55382,56339,375582
LPB,2025-03-01,55642,55990,55233,55486,732685
LPB,2025-02-28,55107,55156,54841,54903,381851
LPB,2025-02-27,56983,57566,55228,56107,661859
LPB,2025-02-26,52025,52978,51235,52885,764410
LPB,2025-02-25,53476,54712,52765,53759,969134
LPB,2025-02-24,55902,56572,55398,56067,120273
LPB,2025-02-23,55459,55782,53763,54628,287438
LPB,2025-02-22,53156,53794,52643,52865,731486
LPB,2025-02-21,52961,53496,52274,53483,117409
LPB,2025-02-20,54023,54466,53198,53453,640083
LPB,2025-02-19,55118,55964,54795,55054,799858
LPB,2025-02-18,52427,54075,52083,53079,370256
LPB,2025-02-17,54294,54584,53285,53613,833046
LPB,2025-02-16,53634,54351,52780,53212,331779
LPB,2025-02-15,52888,52903,52545,52648,902776
LPB,2025-02-14,52313,52517,51143,52000,113890
LPB,2025-02-13,52845,53196,51410,52299,438523
LPB,2025-02-12,53463,54178,52746,53363,828291
LPB,2025-02-11,52250,53701,51307,53054,795504
LPB,2025-02-10,52836,53953,52583,53494,919934
LPB,2025-02-09,54048,55465,53157,54472,172177
LPB,2025-02-08,51176,52050,50326,51581,686461
LPB,2025-02-07,55280,55441,54139,54322,515147
LPB,2025-02-06,53533,54237,52590,53811,133960
LPB,2025-02-05,52287,52677,52096,52373,372007
LPB,2025-02-04,54828,55040,53514,54194,517780
LPB,2025-02-03,51279,52348,50562,52159,664850
LPB,2025-02-02,53127,53922,52030,52186,673079
LPB,2025-02-01,51719,52732,51220,52374,824918
LPB,2025-01-31,52996,53276,51358,52012,115715
LPB,2025-01-30,51767,51871,50150,50872,143630
LPB,2025-01-29,51281,51412,50766,51222,392102
LPB,2025-01-28,49255,50581,49156,50145,972163
LPB,2025-01-27,51324,51452,49961,50879,179679
LPB,2025-01-26,52706,53761,52639,52943,956438
LPB,2025-01-25,51410,52590,50433,51622,535958
LPB,2025-01-24,53161,53335,51974,52444,219371
LPB,2025-01-23,48872,50558,48555,49589,978149
LPB,2025-01-22,50595,51018,49814,50545,823056
LPB,2025-01-21,48190,49405,47733,48953,732786
LPB,2025-01-20,49935,51719,49096,50877,932495
LPB,2025-01-19,50334,51306,49349,50446,254986
LPB,2025-01-18,52421,53271,51459,52155,259686
LPB,2025-01-17,48844,49738,47988,48866,275517
LPB,2025-01-16,51230,52169,50797,51524,308828
LPB,2025-01-15,48130,48931,47648,48604,538511
LPB,2025-01-14,50212,51003,49065,49999,441736
MBB,2025-04-13,58278,59294,58128,59255,377827
MBB,2025-04-12,59331,59730,58732,59094,217113
MBB,2025-04-11,59090,59987,58382,59339,835866
MBB,2025-04-10,59683,60757,59680,59844,783110
MBB,2025-04-09,58550,59011,58223,58941,641335
MBB,2025-04-08,57490,59071,57031,58417,227949
MBB,2025-04-07,59124,59578,57936,58390,447040
MBB,2025-04-06,56862,58623,56275,57677,528514
MBB,2025-04-05,58821,60256,58777,59586,513718
MBB,2025-04-04,56931,57461,56116,56954,985523
MBB,2025-04-03,59148,59497,58388,58592,583129
MBB,2025-04-02,58476,58950,57214,58208,775283
MBB,2025-04-01,56867,57512,55686,56215,816342
MBB,2025-03-31,57123,57485,56223,56686,289459
MBB,2025-03-30,58560,58848,58261,58602,366320
MBB,2025-03-29,58123,58641,57875,58081,916628
MBB,2025-03-28,59821,59978,58367,58900,749092
MBB,2025-03-27,56695,57933,56356,57208,705675
MBB,2025-03-26,54763,56044,54688,55669,987613
MBB,2025-03-25,57913,58010,57128,57243,559815
MBB,2025-03-24,56552,57535,56366,57150,877250
MBB,2025-03-23,56640,56933,56423,56823,890764
MBB,2025-03-22,54373,55118,54026,54853,651869
MBB,2025-03-21,55981,56809,55901,56426,875943
MBB,2025-03-20,58041,59479,57367,58513,463254
MBB,2025-03-19,55661,56133,55498,55899,331155
MBB,2025-03-18,57907,58854,57469,57669,399943
MBB,2025-03-17,55339,56266,54700,55016,826267
MBB,2025-03-16,56610,57641,56119,57507,552569
MBB,2025-03-15,54459,54784,53301,54141,528083
MBB,2025-03-14,56090,57065,54734,55150,209734
MBB,2025-03-13,57914,58643,56616,56916,862907
MBB,2025-03-12,54962,55568,54298,54312,228515
MBB,2025-03-11,54464,55975,54449,54987,840222
MBB,2025-03-10,55519,56389,54378,55172,863626
MBB,2025-03-09,56356,57563,56037,57079,988351
MBB,2025-03-08,56544,56845,54763,55717,821146
MBB,2025-03-07,56875,57111,55978,56422,923389
MBB,2025-03-06,57313,57638,56649,57041,691815
MBB,2025-03-05,52778,53674,52562,53235,186444
MBB,2025-03-04,55037,55630,54601,54640,175598
MBB,2025-03-03,56084,56554,54462,55460,874359
MBB,2025-03-02,52712,53590,51960,53200,322909
MBB,2025-03-01,56074,56813,55685,55891,642730
MBB,2025-02-28,52067,53559,51398,53034,502266
MBB,2025-02-27,53722,54914,53408,54030,482838
MBB,2025-02-26,54183,55409,53213,54624,393248
MBB,2025-02-25,55721,55844,54416,55087,175619
MBB,2025-02-24,55332,55946,54924,55434,600549
MBB,2025-02-23,51763,52612,50873,52531,837059
MBB,2025-02-22,55601,56278,55417,55717,244581
MBB,2025-02-21,52078,52305,51280,52222,909386
MBB,2025-02-20,54279,56007,53521,55159,894730
MBB,2025-02-19,55744,56432,54123,54756,144522
MBB,2025-02-18,52023,52571,51658,51889,306607
MBB,2025-02-17,55229,56140,54020,54861,691594
MBB,2025-02-16,51994,52635,51092,52371,163275
MBB,2025-02-15,54134,54872,53426,53824,526009
MBB,2025-02-14,51620,52838,51344,52500,731606
MBB,2025-02-13,51860,52719,50510,51264,106905
MBB,2025-02-12,50534,51860,50286,51081,746134
MBB,2025-02-11,52849,53236,51721,52238,532556
MBB,2025-02-10,51425,52510,51257,51634,201386
MBB,2025-02-09,54287,54792,53172,53937,343008
MBB,2025-02-08,52313,52787,51933,52632,593726
MBB,2025-02-07,51704,53030,51563,52144,879408
MBB,2025-02-06,50719,51370,49892,51021,796381
MBB,2025-02-05,52173,53186,51991,52202,565136
MBB,2025-02-04,51761,51913,51273,51439,992244
MBB,2025-02-03,52156,52708,51269,52051,360169
MBB,2025-02-02,51814,52974,51248,52241,372218
MBB,2025-02-01,53422,54103,51516,52452,416598
MBB,2025-01-31,49942,50619,49295,50040,319701
MBB,2025-01-30,51507,52470,50989,52365,232771
MBB,2025-01-29,50074,50432,48997,49682,808965
MBB,2025-01-28,50654,51390,49101,49896,214540
MBB,2025-01-27,51552,51778,50744,51233,712690
MBB,2025-01-26,50905,51990,50721,51069,786439
MBB,2025-01-25,52596,53701,51820,52782,135917
MBB,2025-01-24,51272,52717,50340,51932,251653
MBB,2025-01-23,49537,50332,48554,49829,745611
MBB,2025-01-22,48746,49900,48587,48933,633720
MBB,2025-01-21,51393,51645,51239,51488,225461
MBB,2025-01-20,49305,49451,48889,49208,420485
MBB,2025-01-19,51339,52065,50967,51525,250648
MBB,2025-01-18,51299,52763,50385,51799,647924
MBB,2025-01-17,49045,49881,48780,48999,570584
MBB,2025-01-16,48683,49075,48227,48927,710990
MBB,2025-01-15,50434,50721,49190,49917,962150
MBB,2025-01-14,50319,51301,49961,51232,222716
MSN,2025-04-13,57196,57493,56952,57247,914830
MSN,2025-04-12,60441,60648,58574,59527,993685
MSN,2025-04-11,59336,60316,59018,59173,872327
MSN,2025-04-10,56485,58106,55838,57424,179870
MSN,2025-04-09,59567,59841,59120,59233,662514
MSN,2025-04-08,55861,56908,55365,56772,293346
MSN,2025-04-07,59457,61201,59137,60294,490795
MSN,2025-04-06,56431,56719,55428,56307,897368
MSN,2025-04-05,59259,59425,57894,58321,338583
MSN,2025-04-04,58640,59556,57940,59474,791361
MSN,2025-04-03,58133,59181,57745,58395,488968
MSN,2025-04-02,56313,57178,55926,57043,767970
MSN,2025-04-01,58355,59829,57937,59253,240497
MSN,2025-03-31,56103,57093,55495,56688,171137
MSN,2025-03-30,58051,58784,57425,58212,750371
MSN,2025-03-29,58912,59793,58024,58849,381343
MSN,2025-03-28,56937,57443,56005,56234,217239
MSN,2025-03-27,56999,57799,55189,56133,918864
MSN,2025-03-26,57859,59107,56932,58252,814914
MSN,2025-03-25,56846,57139,56057,56577,936340
MSN,2025-03-24,58292,59189,57357,58594,306689
MSN,2025-03-23,55802,57040,55522,56735,293047
MSN,2025-03-22,54597,55304,53833,55125,674351
MSN,2025-03-21,58373,58541,57602,58455,368764
MSN,2025-03-20,55869,56571,55177,56120,828775
MSN,2025-03-19,55803,56181,54575,54869,635527
MSN,2025-03-18,55440,56677,55257,55843,244308
MSN,2025-03-17,54232,54924,53535,54876,246361
MSN,2025-03-16,54735,55430,54005,54291,314024
MSN,2025-03-15,55067,55463,53235,54167,334249
MSN,2025-03-14,57780,58248,57150,57752,298401
MSN,2025-03-13,54399,55751,54074,55011,525206
MSN,2025-03-12,55040,56343,54831,55731,728618
MSN,2025-03-11,55679,56034,54629,55626,929223
MSN,2025-03-10,56048,56641,55533,55767,580466
MSN,2025-03-09,56901,57601,55992,56376,378922
MSN,2025-03-08,55561,55716,54531,55433,911741
MSN,2025-03-07,54584,55668,54174,55398,602120
MSN,2025-03-06,53440,54045,53191,53853,749861
MSN,2025-03-05,56616,56907,55676,56132,112471
MSN,2025-03-04,54860,55819,54211,55801,210815
MSN,2025-03-03,55052,55729,54474,55446,282904
MSN,2025-03-02,54360,55417,53388,54613,335606
MSN,2025-03-01,53598,53956,52114,52949,895474
MSN,2025-02-28,53950,54404,53275,54057,440566
MSN,2025-02-27,53021,53383,52254,52571,943557
MSN,2025-02-26,56561,57217,56054,56315,317566
MSN,2025-02-25,54408,55161,53131,53887,803538
MSN,2025-02-24,53611,54310,52447,53098,406398
MSN,2025-02-23,54083,54420,53481,53501,439711
MSN,2025-02-22,55232,55351,54062,55035,501079
MSN,2025-02-21,54809,56579,53969,55805,685302
MSN,2025-02-20,54512,55575,53707,54723,967516
MSN,2025-02-19,54056,54187,52379,53156,846341
MSN,2025-02-18,53359,53436,53261,53275,830665
MSN,2025-02-17,53797,54558,53342,53935,254395
MSN,2025-02-16,53774,54222,53371,53754,607716
MSN,2025-02-15,52135,52968,51607,52027,358422
MSN,2025-02-14,54198,55276,53257,54957,724427
MSN,2025-02-13,52391,53315,51925,52970,546197
MSN,2025-02-12,54330,54679,53495,53608,534526
MSN,2025-02-11,54272,54652,53712,53808,228507
MSN,2025-02-10,53343,54758,53270,54105,295272
MSN,2025-02-09,53551,54204,52674,53937,865838
MSN,2025-02-08,52070,53323,51761,52700,979679
MSN,2025-02-07,53808,54595,52497,52957,563150
MSN,2025-02-06,52789,53038,52033,52992,762932
MSN,2025-02-05,54000,54723,52759,53008,554197
MSN,2025-02-04,52555,52721,52039,52234,686489
MSN,2025-02-03,50376,51502,49389,50699,698588
MSN,2025-02-02,51706,51977,50023,50837,675716
MSN,2025-02-01,50561,51680,49669,50928,119470
MSN,2025-01-31,51086,51371,50255,51295,369183
MSN,2025-01-30,53430,53926,52502,53247,770897
MSN,2025-01-29,52121,53518,51121,53108,156718
MSN,2025-01-28,52169,52923,51521,51535,629536
MSN,2025-01-27,52886,53464,52128,53350,912041
MSN,2025-01-26,50887,51557,49872,50457,942765
MSN,2025-01-25,50541,51691,49832,51042,181451
MSN,2025-01-24,52885,52995,51146,51970,251556
MSN,2025-01-23,48874,50481,48526,49839,221875
MSN,2025-01-22,51576,52039,51105,51698,436805
MSN,2025-01-21,51785,52263,50868,51841,826150
MSN,2025-01-20,50499,52264,49574,51463,294402
MSN,2025-01-19,48669,50464,48083,49659,475506
MSN,2025-01-18,48921,50455,47932,49694,737101
MSN,2025-01-17,52819,52869,51813,52248,570208
MSN,2025-01-16,49852,49875,48393,49295,781101
MSN,2025-01-15,48751,49756,48464,49216,313665
MSN,2025-01-14,51291,52201,50499,50691,279320
MWG,2025-04-13,58856,58975,57105,58007,520542
MWG,2025-04-12,59831,60204,59586,59640,677893
MWG,2025-04-11,57274,57758,56381,57546,391345
MWG,2025-04-10,57759,58539,56775,57798,647758
MWG,2025-04-09,56934,57867,56728,57288,542390
MWG,2025-04-08,59786,59838,58776,59344,546046
MWG,2025-04-07,60424,60794,58947,59555,291930
MWG,2025-04-06,56760,57248,55818,56757,268497
MWG,2025-04-05,59861,60855,59453,60144,118292
MWG,2025-04-04,59503,59879,58528,58922,978026
MWG,2025-04-03,59989,60288,58971,59218,703723
MWG,2025-04-02,57006,57750,56824,57479,247952
MWG,2025-04-01,57668,58453,56824,56832,497865
MWG,2025-03-31,58127,58400,57119,57636,152741
MWG,2025-03-30,56623,56939,55481,56394,461450
MWG,2025-03-29,58004,58665,57875,58017,157238
MWG,2025-03-28,55470,56244,54490,55603,288330
MWG,2025-03-27,56066,57343,55878,56438,452261
MWG,2025-03-26,57144,57510,56336,57084,539010
MWG,2025-03-25,56278,56946,55425,56397,266121
MWG,2025-03-24,56576,58230,55931,57515,116396
MWG,2025-03-23,57772,58103,56276,57049,535999
MWG,2025-03-22,58024,58916,56969,57103,753798
MWG,2025-03-21,54680,56105,54330,55293,748648
MWG,2025-03-20,56994,57198,56083,56958,626381
MWG,2025-03-19,56531,57738,56121,56866,797528
MWG,2025-03-18,56288,57035,54569,55437,535406
MWG,2025-03-17,58135,58314,56831,57328,199211
MWG,2025-03-16,55059,56298,54881,56028,923477
MWG,2025-03-15,54896,56243,54882,55731,467686
MWG,2025-03-14,56092,57289,55945,56327,869927
MWG,2025-03-13,56278,56540,56057,56532,496225
MWG,2025-03-12,54601,55395,53226,53817,514943
MWG,2025-03-11,54167,55438,53630,54706,715493
MWG,2025-03-10,54216,54988,53661,54383,608209
MWG,2025-03-09,54196,54373,53250,53812,294294
MWG,2025-03-08,57251,57264,56072,56462,691668
MWG,2025-03-07,54397,54790,54044,54179,485512
MWG,2025-03-06,55535,56399,55285,55405,216943
MWG,2025-03-05,55831,55924,55632,55695,517893
MWG,2025-03-04,54930,55653,54627,55595,762403
MWG,2025-03-03,56720,56995,55234,55871,425874
MWG,2025-03-02,55820,56729,55524,56124,912987
MWG,2025-03-01,52601,53513,51614,53314,726504
MWG,2025-02-28,53995,55186,53089,54920,397278
MWG,2025-02-27,53412,54159,52780,54101,173236
MWG,2025-02-26,53572,55235,53049,54539,664934
MWG,2025-02-25,53905,54817,53837,54195,109195
MWG,2025-02-24,54829,55767,53742,54650,189286
MWG,2025-02-23,52438,52518,51752,52172,840692
MWG,2025-02-22,54063,54628,52828,53222,563135
MWG,2025-02-21,53731,54864,53258,54624,888925
MWG,2025-02-20,54986,55675,54064,54584,376339
MWG,2025-02-19,55420,56380,54499,54689,476499
MWG,2025-02-18,51796,53477,51078,52629,868073
MWG,2025-02-17,55708,56386,54485,54850,151847
MWG,2025-02-16,54895,55519,54237,54272,888152
MWG,2025-02-15,50538,52128,49605,51473,778262
MWG,2025-02-14,54298,55244,53836,54569,915259
MWG,2025-02-13,50869,52144,50481,51412,625844
MWG,2025-02-12,53687,53886,52224,52932,917757
MWG,2025-02-11,50916,51844,50342,50991,818092
MWG,2025-02-10,55490,55690,54048,54767,550889
MWG,2025-02-09,50642,51284,49948,51085,623720
MWG,2025-02-08,50290,51736,49838,50788,290260
MWG,2025-02-07,52707,53842,52257,53463,231123
MWG,2025-02-06,53762,54663,53237,54202,953356
MWG,2025-02-05,51081,52534,50806,51589,905834
MWG,2025-02-04,51966,52852,51923,52713,971370
MWG,2025-02-03,52216,53679,51618,52711,767005
MWG,2025-02-02,49507,51089,48510,50323,782278
MWG,2025-02-01,49812,50158,49000,50020,530670
MWG,2025-01-31,52743,53637,52099,52947,945349
MWG,2025-01-30,52640,52895,51533,51892,487102
MWG,2025-01-29,50737,51872,50339,50922,169611
MWG,2025-01-28,51436,52111,50397,50894,747377
MWG,2025-01-27,49509,51102,48519,50401,328678
MWG,2025-01-26,53518,53803,52507,52606,126446
MWG,2025-01-25,48814,49257,47840,49210,999938
MWG,2025-01-24,51879,53399,51807,52564,454204
MWG,2025-01-23,51548,51909,50820,51336,990378
MWG,2025-01-22,52860,53157,51929,52889,994188
MWG,2025-01-21,52964,52965,52017,52107,968164
MWG,2025-01-20,52247,52909,50393,51346,421943
MWG,2025-01-19,50426,51636,49957,50931,782951
MWG,2025-01-18,48754,50310,47822,49559,603135
MWG,2025-01-17,51485,52053,50893,51425,704899
MWG,2025-01-16,48743,49320,47870,48454,690658
MWG,2025-01-15,49973,50949,49115,50288,573665
MWG,2025-01-14,51345,52291,50838,51497,298971
PLX,2025-04-13,59229,60065,59134,59383,480760
PLX,2025-04-12,59059,59546,58031,58199,665191
PLX,2025-04-11,57973,59184,57937,58470,316152
PLX,2025-04-10,57599,58436,56851,57771,244503
PLX,2025-04-09,58877,59367,58093,58603,913045
PLX,2025-04-08,56981,58620,56118,57687,232404
PLX,2025-04-07,60806,60952,59670,60307,557385
PLX,2025-04-06,59795,59863,58711,59117,196601
PLX,2025-04-05,56869,57929,56856,57847,508624
PLX,2025-04-04,58912,58994,57840,58292,494300
PLX,2025-04-03,58869,59138,58056,58429,459892
PLX,2025-04-02,55277,56493,55174,56043,681045
PLX,2025-04-01,57909,58788,57495,58109,996600
PLX,2025-03-31,57930,58031,56890,57105,963737
PLX,2025-03-30,59043,59868,58556,58811,919303
PLX,2025-03-29,57613,58400,57475,57731,878024
PLX,2025-03-28,57452,58400,56508,56987,841880
PLX,2025-03-27,55339,56931,55159,56132,926464
PLX,2025-03-26,58187,58929,57956,58151,279992
PLX,2025-03-25,56944,57487,56001,56792,548738
PLX,2025-03-24,57500,58251,57253,57651,850268
PLX,2025-03-23,58296,58960,58100,58386,826425
PLX,2025-03-22,54281,55199,53914,55140,838469
PLX,2025-03-21,55781,56137,54572,54961,594678
PLX,2025-03-20,57452,57775,56881,57137,568547
PLX,2025-03-19,55649,56984,55285,56129,336212
PLX,2025-03-18,55968,56381,54610,55025,841563
PLX,2025-03-17,56082,56282,55806,56134,307609
PLX,2025-03-16,58010,58265,57004,57118,927533
PLX,2025-03-15,56544,56600,55274,56133,206550
PLX,2025-03-14,55791,56015,55362,55493,892820
PLX,2025-03-13,56085,56320,54722,55150,404928
PLX,2025-03-12,53565,54709,53079,54063,200125
PLX,2025-03-11,53616,55503,53418,54593,332186
PLX,2025-03-10,53890,54776,53607,53944,548528
PLX,2025-03-09,55136,55303,53903,54739,898685
PLX,2025-03-08,55201,56104,53344,54271,785140
PLX,2025-03-07,53463,54646,52590,53756,667799
PLX,2025-03-06,55986,57197,55376,56659,978653
PLX,2025-03-05,54248,55426,54104,54705,903006
PLX,2025-03-04,53014,54384,52203,53665,791335
PLX,2025-03-03,54565,54840,53637,53872,321485
PLX,2025-03-02,53478,54410,53204,54097,256825
PLX,2025-03-01,55859,57560,55717,56651,380741
PLX,2025-02-28,55609,56398,55114,55160,307951
PLX,2025-02-27,57251,57357,56072,56343,946742
PLX,2025-02-26,56243,56882,56122,56243,517786
PLX,2025-02-25,54016,54975,53496,54129,249621
PLX,2025-02-24,56321,56501,55350,55610,618007
PLX,2025-02-23,54930,55099,54403,55074,141439
PLX,2025-02-22,54099,55313,53782,54489,398579
PLX,2025-02-21,52707,52823,52415,52554,196140
PLX,2025-02-20,53169,54463,52493,53840,188791
PLX,2025-02-19,52917,52987,52214,52233,850949
PLX,2025-02-18,52709,52741,52223,52293,113390
PLX,2025-02-17,53537,53635,52859,53440,507863
PLX,2025-02-16,52655,53594,52004,52920,867176
PLX,2025-02-15,53522,54933,52780,53967,720899
PLX,2025-02-14,51297,52586,50591,51825,594896
PLX,2025-02-13,51739,51844,50495,51219,403839
PLX,2025-02-12,52065,53695,51740,52759,263472
PLX,2025-02-11,53822,54213,52137,53094,995268
PLX,2025-02-10,52725,53565,52610,52725,135340
PLX,2025-02-09,53020,54441,52659,53462,309019
PLX,2025-02-08,51853,52814,50901,51494,500973
PLX,2025-02-07,54778,55555,53494,54412,237677
PLX,2025-02-06,52469,52674,51410,51898,746336
PLX,2025-02-05,54358,54393,54221,54228,457626
PLX,2025-02-04,53169,53745,52445,52672,933533
PLX,2025-02-03,50034,50337,49134,50268,547838
PLX,2025-02-02,53048,54556,52115,53719,149940
PLX,2025-02-01,49011,50414,48286,50005,817029
PLX,2025-01-31,53844,54832,52829,53664,624549
PLX,2025-01-30,50755,51448,49538,50365,850062
PLX,2025-01-29,49287,50901,49078,50260,489772
PLX,2025-01-28,51747,52594,50322,51039,665523
PLX,2025-01-27,52350,53205,51283,51616,906057
PLX,2025-01-26,53872,54198,52457,53029,174010
PLX,2025-01-25,48720,50306,48278,49579,904976
PLX,2025-01-24,51059,52084,50828,51120,798245
PLX,2025-01-23,49454,50273,49133,49975,391868
PLX,2025-01-22,48470,49672,47612,49250,583054
PLX,2025-01-21,52602,52946,52350,52609,725221
PLX,2025-01-20,50366,50443,49159,50038,660670
PLX,2025-01-19,48162,48897,47281,48820,891523
PLX,2025-01-18,50185,50680,49301,50258,483269
PLX,2025-01-17,47732,49266,47463,48715,898945
PLX,2025-01-16,49943,50411,49299,50164,138861
PLX,2025-01-15,52966,53515,51237,52052,588378
PLX,2025-01-14,51138,51306,50431,50801,711641
POW,2025-04-13,59805,60034,58602,59204,892834
POW,2025-04-12,57367,57815,56730,57385,215957
POW,2025-04-11,59797,60508,59003,60347,651086
POW,2025-04-10,61378,61803,60525,60535,129978
POW,2025-04-09,59261,59931,58569,59434,568090
POW,2025-04-08,56220,57331,55600,56840,784256
POW,2025-04-07,58689,59114,57041,57698,827490
POW,2025-04-06,57320,58249,56786,57446,574792
POW,2025-04-05,59263,60382,58385,59879,226058
POW,2025-04-04,58309,59178,57849,57859,617637
POW,2025-04-03,55180,56916,54512,56168,183096
POW,2025-04-02,58528,58705,57788,57901,142434
POW,2025-04-01,57664,58461,57271,58349,559087
POW,2025-03-31,56799,57987,56432,56991,363493
POW,2025-03-30,57566,59059,57503,58483,955407
POW,2025-03-29,56292,56502,55805,55997,645877
POW,2025-03-28,55168,56807,54490,55917,394453
POW,2025-03-27,57072,58201,56186,57875,725888
POW,2025-03-26,55910,56488,55507,56363,962737
POW,2025-03-25,59069,59935,58872,58976,484810
POW,2025-03-24,56837,57930,56644,57782,809475
POW,2025-03-23,56920,58200,56574,57271,619661
POW,2025-03-22,59043,59822,58291,58575,806047
POW,2025-03-21,56927,57845,56089,57450,287139
POW,2025-03-20,54759,55359,54573,54850,115495
POW,2025-03-19,57358,58537,56784,57922,561266
POW,2025-03-18,58001,58365,57107,57808,445031
POW,2025-03-17,54999,55424,54472,54656,973292
POW,2025-03-16,55273,55496,54827,55135,763097
POW,2025-03-15,54093,56043,53098,55065,344010
POW,2025-03-14,56046,56247,55129,55621,391735
POW,2025-03-13,54538,55497,54479,55421,855305
POW,2025-03-12,56641,57511,55245,55843,896414
POW,2025-03-11,54964,55135,54377,54626,128264
POW,2025-03-10,56740,57456,56535,56792,501564
POW,2025-03-09,57219,58045,56697,57144,811466
POW,2025-03-08,55485,56697,55134,55713,169591
POW,2025-03-07,54060,54640,53484,53955,200776
POW,2025-03-06,56083,56255,55406,56213,921973
POW,2025-03-05,54778,55525,53195,53965,375870
POW,2025-03-04,57095,57620,55985,56604,877669
POW,2025-03-03,54991,56252,54889,55976,520282
POW,2025-03-02,54584,55351,54386,54829,454018
POW,2025-03-01,56758,57738,54948,55927,883325
POW,2025-02-28,55845,56193,54493,55278,993117
POW,2025-02-27,52759,53333,52675,53141,129475
POW,2025-02-26,51932,52835,51924,52465,305856
POW,2025-02-25,53118,53942,52812,53231,966477
POW,2025-02-24,54680,54812,53823,54525,800131
POW,2025-02-23,55079,55224,53329,54245,449838
POW,2025-02-22,56524,57131,55344,55603,622118
POW,2025-02-21,52667,53269,51717,52442,155830
POW,2025-02-20,52383,54076,52196,53093,321874
POW,2025-02-19,53149,53199,52199,52496,365547
POW,2025-02-18,54480,54776,53474,54424,762873
POW,2025-02-17,51097,52347,50976,51924,568884
POW,2025-02-16,51736,52087,50857,51972,745917
POW,2025-02-15,51158,52109,50701,51832,131330
POW,2025-02-14,51420,52575,50998,52210,928986
POW,2025-02-13,54455,54700,53184,54138,511526
POW,2025-02-12,52088,52964,51475,52783,920876
POW,2025-02-11,52719,53274,51725,52294,658903
POW,2025-02-10,53578,55042,53183,54236,748652
POW,2025-02-09,50181,51832,49698,51180,209224
POW,2025-02-08,50839,51785,50332,50726,346900
POW,2025-02-07,52262,54048,52015,53240,209801
POW,2025-02-06,52779,53533,51498,51803,493063
POW,2025-02-05,51392,51964,50113,50641,383894
POW,2025-02-04,51714,52624,50193,50776,249863
POW,2025-02-03,53413,53701,53150,53498,978108
POW,2025-02-02,54161,54352,53568,53593,748460
POW,2025-02-01,51176,52008,50556,51879,378816
POW,2025-01-31,49465,50848,49206,49852,908475
POW,2025-01-30,53230,54109,52761,53235,673112
POW,2025-01-29,51536,51857,50344,50638,683900
POW,2025-01-28,53694,54514,52979,53220,729949
POW,2025-01-27,52033,53122,51785,52595,862995
POW,2025-01-26,51019,52912,50692,51955,895626
POW,2025-01-25,51522,52431,51109,51844,514908
POW,2025-01-24,51136,51634,51077,51101,887134
POW,2025-01-23,49186,50313,48479,50133,218127
POW,2025-01-22,48236,49498,47670,49212,355289
POW,2025-01-21,51146,51536,50169,50341,492926
POW,2025-01-20,49915,50334,49711,50083,600869
POW,2025-01-19,51588,51872,50986,51136,223226
POW,2025-01-18,47910,49173,47237,48575,944906
POW,2025-01-17,50472,51118,49515,50052,726908
POW,2025-01-16,47836,48907,47415,48822,465671
POW,2025-01-15,50671,50841,49485,50069,209114
POW,2025-01-14,48327,48550,47528,48459,272927
SAB,2025-04-13,61101,62041,59836,60206,148668
SAB,2025-04-12,58336,58775,57310,57787,496156
SAB,2025-04-11,58624,59582,58109,59049,289629
SAB,2025-04-10,59178,60065,57679,58310,926855
SAB,2025-04-09,61309,61319,59846,60375,453850
SAB,2025-04-08,56920,57548,56433,56824,255630
SAB,2025-04-07,57588,59125,56743,58381,416096
SAB,2025-04-06,59363,59908,58919,59614,185222
SAB,2025-04-05,56536,56604,55724,56322,420981
SAB,2025-04-04,56635,57588,55731,56487,810556
SAB,2025-04-03,56917,57916,56097,57720,159905
SAB,2025-04-02,59420,59817,58440,59767,429338
SAB,2025-04-01,57531,58451,56071,56771,845066
SAB,2025-03-31,56647,56837,56279,56640,242204
SAB,2025-03-30,58025,58737,57585,58554,965307
SAB,2025-03-29,59236,59333,58347,58414,402793
SAB,2025-03-28,58053,58501,57102,58288,559973
SAB,2025-03-27,55607,57006,55413,56237,906979
SAB,2025-03-26,55218,56641,55004,55917,304926
SAB,2025-03-25,56547,57178,56265,56587,800253
SAB,2025-03-24,55441,55558,55394,55394,698534
SAB,2025-03-23,57281,58201,56262,56658,764431
SAB,2025-03-22,55874,55952,55420,55525,246330
SAB,2025-03-21,57125,57233,56293,56849,539674
SAB,2025-03-20,57938,58690,56969,57858,668575
SAB,2025-03-19,55141,55229,54292,54868,119321
SAB,2025-03-18,55090,55926,54623,55605,293327
SAB,2025-03-17,56553,56709,55719,56288,159981
SAB,2025-03-16,55286,56244,55093,55435,815999
SAB,2025-03-15,55798,56747,55235,55756,858921
SAB,2025-03-14,56318,56643,55459,56151,556893
SAB,2025-03-13,54952,56504,54186,55725,453044
SAB,2025-03-12,54000,54615,53955,54247,816535
SAB,2025-03-11,55823,56621,55784,55796,333424
SAB,2025-03-10,54496,55920,53969,55302,795557
SAB,2025-03-09,58009,58895,57338,57456,878027
SAB,2025-03-08,54527,54831,53129,53720,675580
SAB,2025-03-07,53429,54594,52722,53899,724662
SAB,2025-03-06,53444,54022,52981,53408,884394
SAB,2025-03-05,56542,56762,55933,56200,893795
SAB,2025-03-04,55968,57622,55018,56659,122971
SAB,2025-03-03,52712,53779,52024,53136,555979
SAB,2025-03-02,55442,56228,54555,56095,622328
SAB,2025-03-01,52417,53462,51991,53232,922802
SAB,2025-02-28,54068,55373,53646,54775,567757
SAB,2025-02-27,57031,57851,55686,56451,859906
SAB,2025-02-26,53125,53496,52280,53393,784984
SAB,2025-02-25,53326,54459,52977,53631,539551
SAB,2025-02-24,53399,53996,52257,52789,624311
SAB,2025-02-23,56024,56990,54211,55154,283920
SAB,2025-02-22,54250,54533,52595,53459,956890
SAB,2025-02-21,55099,55713,54801,55435,862586
SAB,2025-02-20,56572,56685,55766,55766,573010
SAB,2025-02-19,55988,56783,55311,55578,282303
SAB,2025-02-18,54460,55319,53108,53715,920486
SAB,2025-02-17,53937,54651,52061,52977,326837
SAB,2025-02-16,52953,54200,52872,53513,680374
SAB,2025-02-15,54999,55190,54289,54383,221114
SAB,2025-02-14,52243,52523,51628,52253,419995
SAB,2025-02-13,53186,53459,52724,53394,498384
SAB,2025-02-12,54747,55124,53970,54359,942889
SAB,2025-02-11,53604,54153,52353,53135,621623
SAB,2025-02-10,54810,55702,53254,54104,387490
SAB,2025-02-09,51774,52543,51177,52231,464006
SAB,2025-02-08,50754,51781,50335,50820,454139
SAB,2025-02-07,52656,53500,52311,52419,115054
SAB,2025-02-06,54204,55104,53621,53770,354683
SAB,2025-02-05,50980,51833,50156,50605,919793
SAB,2025-02-04,50341,51081,49611,50511,953213
SAB,2025-02-03,51434,51941,50538,50863,339786
SAB,2025-02-02,52394,53687,52101,52762,572866
SAB,2025-02-01,51178,51713,50452,51501,844612
SAB,2025-01-31,52746,52828,51700,52377,839032
SAB,2025-01-30,49451,50946,48847,50151,398205
SAB,2025-01-29,49897,50477,48941,49601,722070
SAB,2025-01-28,52489,53766,51890,52790,493676
SAB,2025-01-27,53557,53798,52913,53090,548145
SAB,2025-01-26,49304,49738,48505,49678,525950
SAB,2025-01-25,50376,51091,48708,49392,157730
SAB,2025-01-24,51531,51867,51051,51785,742854
SAB,2025-01-23,49766,50765,48956,49484,937166
SAB,2025-01-22,49473,49741,49177,49466,563021
SAB,2025-01-21,50238,51856,49416,51127,555213
SAB,2025-01-20,50218,51727,50155,51024,197891
SAB,2025-01-19,51579,52836,51567,52229,694048
SAB,2025-01-18,51224,52576,50540,51913,115962
SAB,2025-01-17,51129,51969,50752,50909,899873
SAB,2025-01-16,48833,50067,48736,49537,604408
SAB,2025-01-15,47836,49172,47058,48556,799052
SAB,2025-01-14,51097,51892,50436,51534,136315
SHB,2025-04-13,59656,60612,58792,59685,357501
SHB,2025-04-12,58064,58245,57196,57721,125859
SHB,2025-04-11,59901,60700,58174,59005,189341
SHB,2025-04-10,58272,58815,57465,57909,355968
SHB,2025-04-09,61337,61565,60052,60395,143407
SHB,2025-04-08,59854,60721,59664,59781,112454
SHB,2025-04-07,58481,58669,57093,58052,213321
SHB,2025-04-06,58840,58869,57967,58267,337549
SHB,2025-04-05,58988,59198,57659,58128,517825
SHB,2025-04-04,58747,59384,57685,58524,311804
SHB,2025-04-03,58291,58984,57699,58254,636972
SHB,2025-04-02,57539,58099,56571,57766,579123
SHB,2025-04-01,60234,60881,59100,59623,206445
SHB,2025-03-31,56208,57593,55929,57030,383013
SHB,2025-03-30,59408,59838,58526,58940,259544
SHB,2025-03-29,58567,59105,58093,58613,695382
SHB,2025-03-28,57856,58458,55865,56856,315648
SHB,2025-03-27,57035,57369,56181,56435,146427
SHB,2025-03-26,56661,58400,56407,57480,740061
SHB,2025-03-25,58146,58425,56577,57156,667139
SHB,2025-03-24,57566,58666,57404,58321,430243
SHB,2025-03-23,55076,56546,54330,55923,902795
SHB,2025-03-22,57880,58830,57570,57707,310609
SHB,2025-03-21,54988,56051,54293,55794,795419
SHB,2025-03-20,57161,58615,57109,58050,399908
SHB,2025-03-19,55688,55851,54250,55218,429822
SHB,2025-03-18,58665,59565,57191,57989,137928
SHB,2025-03-17,56681,57476,55311,55767,865426
SHB,2025-03-16,57065,58038,56564,57583,504671
SHB,2025-03-15,56931,57364,55723,56285,559240
SHB,2025-03-14,54929,55726,54594,54986,834865
SHB,2025-03-13,54621,54811,53733,54530,272296
SHB,2025-03-12,56021,57443,55316,56478,162952
SHB,2025-03-11,56016,56956,55575,56454,440868
SHB,2025-03-10,54492,55766,53800,55045,342050
SHB,2025-03-09,57931,58806,56201,56935,307317
SHB,2025-03-08,55070,55184,54920,55137,453823
SHB,2025-03-07,52956,53721,52849,53486,263436
SHB,2025-03-06,55725,57312,54956,56341,709602
SHB,2025-03-05,53672,54066,53404,53483,611348
SHB,2025-03-04,52876,54132,52331,53413,361076
SHB,2025-03-03,56595,57054,54682,55599,821347
SHB,2025-03-02,53552,53789,52226,53224,361597
SHB,2025-03-01,54568,54978,53985,54226,307040
SHB,2025-02-28,54548,55223,53712,54083,456201
SHB,2025-02-27,52705,54324,51957,53691,878440
SHB,2025-02-26,53582,54489,53265,53598,224757
SHB,2025-02-25,54185,55379,53237,54702,432733
SHB,2025-02-24,54343,55258,53633,54817,201775
SHB,2025-02-23,56602,57525,55245,55747,224147
SHB,2025-02-22,55371,56174,54191,54733,987711
SHB,2025-02-21,53693,54577,53416,54030,796145
SHB,2025-02-20,54448,55438,53872,54580,440618
SHB,2025-02-19,54055,54698,53636,53873,843189
SHB,2025-02-18,54800,55263,53574,54556,536058
SHB,2025-02-17,51233,51975,51052,51885,244331
SHB,2025-02-16,54223,55653,53745,54978,804316
SHB,2025-02-15,51440,52332,51003,51764,151607
SHB,2025-02-14,54220,54830,53089,53636,277379
SHB,2025-02-13,53607,53893,52585,53513,259556
SHB,2025-02-12,54735,55337,53692,54070,117072
SHB,2025-02-11,52767,53661,51795,52121,131127
SHB,2025-02-10,51065,51385,50538,50828,459181
SHB,2025-02-09,54023,55277,53780,54535,346718
SHB,2025-02-08,53532,54236,51930,52715,589956
SHB,2025-02-07,53778,54664,52812,54014,858284
SHB,2025-02-06,52609,53203,51902,53202,388258
SHB,2025-02-05,52493,53682,51741,52813,160987
SHB,2025-02-04,50027,51575,49482,50680,869326
SHB,2025-02-03,54406,55051,53829,53955,804955
SHB,2025-02-02,53734,54362,52908,53385,387119
SHB,2025-02-01,51731,52316,51089,52200,877341
SHB,2025-01-31,53076,53404,52070,52239,803341
SHB,2025-01-30,50290,51080,49383,50499,618497
SHB,2025-01-29,50129,50781,49386,50368,413728
SHB,2025-01-28,52324,54070,51516,53187,567676
SHB,2025-01-27,50074,50854,49208,50813,743238
SHB,2025-01-26,50198,50711,49220,49517,135831
SHB,2025-01-25,49613,50379,48368,49358,583434
SHB,2025-01-24,50756,52129,50096,51691,168411
SHB,2025-01-23,50779,51622,49742,49815,570186
SHB,2025-01-22,51510,52123,50337,51037,173002
SHB,2025-01-21,52865,53206,51387,52204,820765
SHB,2025-01-20,52714,53296,52533,52578,788001
SHB,2025-01-19,50829,51525,50044,50971,977500
SHB,2025-01-18,50201,50682,49295,49840,501464
SHB,2025-01-17,48082,49106,47185,48442,354055
SHB,2025-01-16,50140,51346,50067,50926,980607
SHB,2025-01-15,50949,51166,50598,50756,395377
SHB,2025-01-14,49464,50457,49108,50393,847073
SSB,2025-04-13,58347,58459,57373,57907,270673
SSB,2025-04-12,60563,60716,60206,60646,823114
SSB,2025-04-11,57386,59188,56387,58302,657351
SSB,2025-04-10,60572,61486,59964,60180,270653
SSB,2025-04-09,57951,58839,56218,57111,828809
SSB,2025-04-08,60627,60845,59298,59802,177813
SSB,2025-04-07,60061,60795,59178,59780,502803
SSB,2025-04-06,59572,60059,58897,59424,572406
SSB,2025-04-05,56045,56987,55140,56491,896940
SSB,2025-04-04,59887,60525,59480,59630,238080
SSB,2025-04-03,57303,58068,55888,56336,696555
SSB,2025-04-02,58456,58563,57266,57963,839743
SSB,2025-04-01,56698,57592,56686,57286,739820
SSB,2025-03-31,57803,59639,57743,58646,828121
SSB,2025-03-30,57718,57939,56902,57098,949802
SSB,2025-03-29,56359,56761,55434,56732,928112
SSB,2025-03-28,59882,60580,58798,58965,744702
SSB,2025-03-27,57810,58371,56727,57025,916733
SSB,2025-03-26,55895,56042,55508,55684,405469
SSB,2025-03-25,56124,57778,55916,57001,990789
SSB,2025-03-24,59226,59610,58382,58388,403751
SSB,2025-03-23,58695,59078,57967,58488,856991
SSB,2025-03-22,56165,56856,55585,56328,292311
SSB,2025-03-21,57760,57798,57060,57400,933120
SSB,2025-03-20,57213,57918,56631,57623,467130
SSB,2025-03-19,57412,58303,56491,57516,630889
SSB,2025-03-18,57440,58371,55837,56571,792015
SSB,2025-03-17,57051,58667,56881,57987,864291
SSB,2025-03-16,57290,57540,55835,56500,608313
SSB,2025-03-15,56621,57868,56160,57470,615090
SSB,2025-03-14,54293,54592,53944,54244,457125
SSB,2025-03-13,54964,56325,54085,55738,589568
SSB,2025-03-12,55456,56331,54179,54984,657655
SSB,2025-03-11,56036,56579,55052,55543,113423
SSB,2025-03-10,56519,57275,56222,56256,171740
SSB,2025-03-09,56120,56669,55815,56650,484987
SSB,2025-03-08,52603,54175,52409,53600,942036
SSB,2025-03-07,53953,55752,53226,54803,790954
SSB,2025-03-06,57167,57847,55782,56646,865019
SSB,2025-03-05,55726,56860,54738,56243,370053
SSB,2025-03-04,54658,55355,53993,54754,206955
SSB,2025-03-03,56220,56608,55329,55391,729544
SSB,2025-03-02,52500,53309,52000,53204,229280
SSB,2025-03-01,56607,57515,55580,56563,841949
SSB,2025-02-28,56281,56501,55651,55865,523387
SSB,2025-02-27,54136,54789,54121,54654,625712
SSB,2025-02-26,54878,55440,53690,54288,655960
SSB,2025-02-25,55121,55729,54991,55331,529093
SSB,2025-02-24,53084,54206,52882,53498,253060
SSB,2025-02-23,56545,57329,55667,55904,294305
SSB,2025-02-22,54580,54921,53932,54615,191022
SSB,2025-02-21,55366,56377,54723,55625,874154
SSB,2025-02-20,51382,52694,51224,52227,917183
SSB,2025-02-19,52373,53714,52201,53330,892819
SSB,2025-02-18,51811,53250,50835,52621,713468
SSB,2025-02-17,53675,54734,53104,54345,247673
SSB,2025-02-16,52549,53068,52140,52275,193498
SSB,2025-02-15,54222,54539,52901,53501,365806
SSB,2025-02-14,54743,55698,53879,54792,752367
SSB,2025-02-13,53866,54654,53659,54154,462321
SSB,2025-02-12,51952,52556,51943,52073,502975
SSB,2025-02-11,50586,52155,50368,51237,984495
SSB,2025-02-10,50539,51721,50522,51284,469523
SSB,2025-02-09,51820,52372,51120,52195,807523
SSB,2025-02-08,54647,54687,53650,53966,596759
SSB,2025-02-07,51747,51914,50433,51383,126868
SSB,2025-02-06,52778,54144,52595,53146,405866
SSB,2025-02-05,50136,50957,49170,50410,220406
SSB,2025-02-04,51708,51985,51669,51766,384695
SSB,2025-02-03,51134,52507,50733,51977,489468
SSB,2025-02-02,49255,50669,48513,50094,617496
SSB,2025-02-01,50841,51116,50025,50936,851871
SSB,2025-01-31,52856,53996,52853,53405,981395
SSB,2025-01-30,53566,53804,53416,53446,619728
SSB,2025-01-29,50004,50106,49847,50023,472056
SSB,2025-01-28,51296,52145,50149,50552,296144
SSB,2025-01-27,52552,52787,51575,51912,905571
SSB,2025-01-26,51092,52580,50718,52073,673894
SSB,2025-01-25,50731,51894,49831,51021,733949
SSB,2025-01-24,50070,51255,49154,50319,583682
SSB,2025-01-23,51877,53172,51181,52314,912928
SSB,2025-01-22,51749,52857,51519,52666,868900
SSB,2025-01-21,49980,50454,48711,49065,320291
SSB,2025-01-20,51058,52052,50110,50300,739106
SSB,2025-01-19,49270,50012,48417,49566,249997
SSB,2025-01-18,51400,52254,50246,50895,385048
SSB,2025-01-17,50071,50658,49492,49598,446020
SSB,2025-01-16,51217,51566,50729,51194,963066
SSB,2025-01-15,51279,52511,51227,51592,246435
SSB,2025-01-14,49254,50618,49072,50141,677938
SSI,2025-04-13,58751,59472,58438,58490,604512
SSI,2025-04-12,57982,58850,56113,57105,918416
SSI,2025-04-11,60231,60738,59424,59727,794355
SSI,2025-04-10,59982,60873,58861,59492,430349
SSI,2025-04-09,57255,57283,56305,56711,291550
SSI,2025-04-08,57234,58052,56920,58023,968588
SSI,2025-04-07,58028,58935,57104,57355,598982
SSI,2025-04-06,60274,61210,59521,59824,333146
SSI,2025-04-05,55574,56934,54770,56265,649998
SSI,2025-04-04,58317,59009,57462,58969,666897
SSI,2025-04-03,60245,60433,59633,59984,703667
SSI,2025-04-02,56856,56917,56764,56827,855828
SSI,2025-04-01,57056,58871,56256,58036,989794
SSI,2025-03-31,57507,58358,56627,57989,619441
SSI,2025-03-30,58680,59284,57632,58139,719471
SSI,2025-03-29,57131,57148,56025,56188,107544
SSI,2025-03-28,58660,59643,57698,59177,393623
SSI,2025-03-27,56909,57541,56329,57087,910838
SSI,2025-03-26,56175,56778,55489,56665,284838
SSI,2025-03-25,57466,58237,57307,57674,463675
SSI,2025-03-24,54282,55215,54081,55197,250346
SSI,2025-03-23,58682,59335,57017,57769,271233
SSI,2025-03-22,58527,58927,57696,58569,455799
SSI,2025-03-21,58157,58870,57378,57679,291322
SSI,2025-03-20,55663,56864,54744,56250,730863
SSI,2025-03-19,55466,55647,53894,54644,636127
SSI,2025-03-18,57508,57654,56698,56707,304625
SSI,2025-03-17,54934,55370,54190,55299,527839
SSI,2025-03-16,58547,59443,57339,58194,541980
SSI,2025-03-15,55393,56934,54740,56147,937487
SSI,2025-03-14,58107,58285,57608,57992,585764
SSI,2025-03-13,55144,55791,54528,55734,385171
SSI,2025-03-12,56158,56730,54415,55277,922865
SSI,2025-03-11,56382,57923,56038,56946,438642
SSI,2025-03-10,56418,57615,55943,57155,876739
SSI,2025-03-09,56929,57711,55667,55982,561318
SSI,2025-03-08,55135,56095,54265,54866,440637
SSI,2025-03-07,55431,56007,54783,55332,673689
SSI,2025-03-06,56201,57378,56194,56829,505873
SSI,2025-03-05,56911,57466,56591,57039,797663
SSI,2025-03-04,54559,55167,53194,53731,741583
SSI,2025-03-03,52546,53712,52354,53490,695827
SSI,2025-03-02,53091,53606,52539,53276,131987
SSI,2025-03-01,53255,53580,52838,53272,658966
SSI,2025-02-28,55430,56516,55317,55672,379068
SSI,2025-02-27,54467,56314,54377,55463,749386
SSI,2025-02-26,54979,55984,54302,55353,934289
SSI,2025-02-25,52609,53371,52220,52648,366393
SSI,2025-02-24,55995,56167,55104,55407,676530
SSI,2025-02-23,54032,54891,53510,54740,209400
SSI,2025-02-22,55318,55841,55078,55490,661974
SSI,2025-02-21,54830,55635,53991,55375,552758
SSI,2025-02-20,55019,55561,54923,55255,485403
SSI,2025-02-19,55833,56060,54457,54870,452568
SSI,2025-02-18,53198,53918,52137,52305,812544
SSI,2025-02-17,55961,56336,54905,55037,714714
SSI,2025-02-16,51251,52245,51030,52067,433102
SSI,2025-02-15,52470,52688,52159,52269,334926
SSI,2025-02-14,51976,52032,51488,51782,175169
SSI,2025-02-13,52356,53708,51652,52857,334578
SSI,2025-02-12,52548,52918,52373,52509,907413
SSI,2025-02-11,53553,53793,52023,52945,764308
SSI,2025-02-10,50762,51492,50030,50812,481156
SSI,2025-02-09,54252,54737,53898,54695,458976
SSI,2025-02-08,52232,53529,51847,52965,624608
SSI,2025-02-07,50681,51572,49876,51081,115047
SSI,2025-02-06,51839,52028,50893,51252,729695
SSI,2025-02-05,54494,54831,53726,54007,553479
SSI,2025-02-04,52525,53371,51740,52941,965961
SSI,2025-02-03,50803,51455,50326,50854,931372
SSI,2025-02-02,50320,51574,49891,51050,841830
SSI,2025-02-01,52685,54501,52684,53562,716507
SSI,2025-01-31,52660,54062,51991,53637,973414
SSI,2025-01-30,54422,54794,53518,53667,786019
SSI,2025-01-29,49406,50627,49366,50303,700970
SSI,2025-01-28,53421,53504,51944,52566,122258
SSI,2025-01-27,53728,53882,53039,53200,716740
SSI,2025-01-26,53648,54451,53024,53287,779299
SSI,2025-01-25,51372,52228,51172,51194,340947
SSI,2025-01-24,51416,51616,50395,51232,560067
SSI,2025-01-23,48486,49654,47670,49397,616668
SSI,2025-01-22,51292,51952,50287,51176,781957
SSI,2025-01-21,50647,51523,49768,50924,535745
SSI,2025-01-20,49500,49634,49388,49418,328245
SSI,2025-01-19,48775,49719,48172,48822,133897
SSI,2025-01-18,49247,50492,49139,49903,656782
SSI,2025-01-17,50816,51361,50030,50070,646361
SSI,2025-01-16,50880,51800,50134,51695,851180
SSI,2025-01-15,49696,50107,48966,49803,286074
SSI,2025-01-14,49854,51198,48950,50362,627146
STB,2025-04-13,60798,61257,59328,59980,909031
STB,2025-04-12,58985,60496,58983,59985,667683
STB,2025-04-11,59322,60071,58276,59091,942503
STB,2025-04-10,56973,57439,56148,56881,897703
STB,2025-04-09,58712,58961,57596,58594,973028
STB,2025-04-08,59316,60549,58608,59623,548679
STB,2025-04-07,57536,58772,57026,57813,896466
STB,2025-04-06,58318,59132,57903,58276,636499
STB,2025-04-05,58352,59748,57954,59051,467128
STB,2025-04-04,57445,57518,56146,56578,181435
STB,2025-04-03,58853,59866,57913,59842,485192
STB,2025-04-02,58571,59494,57910,59354,146518
STB,2025-04-01,58149,59234,57416,59139,923720
STB,2025-03-31,56573,57683,56507,56800,697114
STB,2025-03-30,57461,58485,57161,58240,950872
STB,2025-03-29,59851,60362,59154,59214,634787
STB,2025-03-28,59414,59860,58184,58454,205850
STB,2025-03-27,56728,57558,55532,56174,439972
STB,2025-03-26,55597,56692,55185,55692,802229
STB,2025-03-25,56126,56832,55567,56542,167641
STB,2025-03-24,56501,57321,55961,56863,605727
STB,2025-03-23,58230,58840,57718,58508,638791
STB,2025-03-22,56830,57814,55970,57016,431365
STB,2025-03-21,55610,56253,54815,55088,138774
STB,2025-03-20,56526,57258,55787,56972,773968
STB,2025-03-19,55318,57070,54934,56219,794127
STB,2025-03-18,59109,60077,58090,58214,886269
STB,2025-03-17,55646,57008,55338,56486,796276
STB,2025-03-16,55729,56830,55386,55923,458088
STB,2025-03-15,55447,55677,53779,54627,239942
STB,2025-03-14,55599,56028,55543,55825,710796
STB,2025-03-13,53261,54995,52649,54043,865173
STB,2025-03-12,56782,57612,55982,56804,543749
STB,2025-03-11,57570,57884,56133,56661,832520
STB,2025-03-10,57479,57728,56195,56791,166655
STB,2025-03-09,55158,56740,54347,55757,395098
STB,2025-03-08,54845,56383,54420,55504,939421
STB,2025-03-07,57092,57410,56491,56751,161874
STB,2025-03-06,53051,53860,53010,53595,437446
STB,2025-03-05,55724,56352,55274,55984,538435
STB,2025-03-04,52405,53262,51424,53046,150957
STB,2025-03-03,52648,54112,52450,53440,772588
STB,2025-03-02,53750,54536,53480,54479,288959
STB,2025-03-01,52478,53108,51919,52706,392863
STB,2025-02-28,56084,56953,55256,55472,542019
STB,2025-02-27,55772,57085,55254,56369,638503
STB,2025-02-26,52652,53373,52033,52746,402959
STB,2025-02-25,53013,53653,52730,53029,950926
STB,2025-02-24,55536,55688,54930,55444,586580
STB,2025-02-23,55309,55790,54708,55640,180394
STB,2025-02-22,55540,56512,54864,55973,408875
STB,2025-02-21,54911,55162,53920,55030,933316
STB,2025-02-20,53290,54139,51386,52347,543847
STB,2025-02-19,52875,53261,51454,52284,610224
STB,2025-02-18,56212,56407,54967,55579,833315
STB,2025-02-17,54430,54593,52941,53527,878982
STB,2025-02-16,54351,55121,54165,54942,118115
STB,2025-02-15,54441,55380,53355,54328,171318
STB,2025-02-14,53873,54744,52275,53254,440734
STB,2025-02-13,51511,52499,50943,51430,304584
STB,2025-02-12,53954,54600,53729,54098,259002
STB,2025-02-11,51882,52978,51404,52372,163655
STB,2025-02-10,52684,53477,51193,51913,332723
STB,2025-02-09,53882,55289,53644,54521,512710
STB,2025-02-08,52890,53436,52053,52376,575644
STB,2025-02-07,52289,53372,51599,53161,301800
STB,2025-02-06,54643,54781,53407,53816,735778
STB,2025-02-05,52416,54275,51958,53347,590377
STB,2025-02-04,52221,53255,51577,53105,273337
STB,2025-02-03,52893,54044,52556,53733,514964
STB,2025-02-02,52385,52920,52216,52768,355042
STB,2025-02-01,52570,53291,52337,52384,481394
STB,2025-01-31,51674,52096,50905,51845,533806
STB,2025-01-30,54076,54228,53268,53369,608699
STB,2025-01-29,50782,51815,50235,50996,375507
STB,2025-01-28,52380,53440,51620,52646,341542
STB,2025-01-27,50435,51199,50139,50944,147061
STB,2025-01-26,50580,51719,49956,50753,565367
STB,2025-01-25,49882,50367,48662,49303,625452
STB,2025-01-24,49761,50514,49148,50138,119514
STB,2025-01-23,50361,51864,49812,51300,599914
STB,2025-01-22,50589,51399,48872,49595,742862
STB,2025-01-21,50538,51105,49483,50293,723419
STB,2025-01-20,52531,53186,51914,52539,576606
STB,2025-01-19,50935,52001,50786,51323,135542
STB,2025-01-18,53037,54002,52145,52301,354436
STB,2025-01-17,49606,50268,48378,48827,701375
STB,2025-01-16,51889,52229,51864,52083,172283
STB,2025-01-15,50392,50950,49434,49474,744002
STB,2025-01-14,51015,52238,50914,51381,804470
TCB,2025-04-13,60274,61005,58871,59660,118995
TCB,2025-04-12,59846,60814,58978,60428,151469
TCB,2025-04-11,61196,61631,59663,60320,667807
TCB,2025-04-10,57754,58217,56910,57886,897043
TCB,2025-04-09,58312,58799,57602,58766,167103
TCB,2025-04-08,58988,59917,58205,59871,810992
TCB,2025-04-07,57305,58365,56926,57405,984067
TCB,2025-04-06,60273,60947,58573,59298,315445
TCB,2025-04-05,56387,57184,55463,56966,228274
TCB,2025-04-04,58034,58813,57697,58597,272619
TCB,2025-04-03,57982,59091,57535,58631,872592
TCB,2025-04-02,56366,57399,56040,57126,338433
TCB,2025-04-01,58623,59892,58215,59499,177073
TCB,2025-03-31,57583,58498,57187,58250,866622
TCB,2025-03-30,58900,59394,58403,58431,609761
TCB,2025-03-29,58744,58873,57677,57863,209971
TCB,2025-03-28,55747,57290,55604,56488,480680
TCB,2025-03-27,57351,57700,56604,56800,882005
TCB,2025-03-26,58439,59347,57104,57771,988376
TCB,2025-03-25,57062,57823,55769,56183,997345
TCB,2025-03-24,57679,58046,57312,57580,521287
TCB,2025-03-23,57327,57942,56760,57477,114509
TCB,2025-03-22,56557,57463,55993,57064,701258
TCB,2025-03-21,57271,58450,56777,57521,133359
TCB,2025-03-20,59026,59835,58329,58360,870923
TCB,2025-03-19,57610,57628,56801,57285,824440
TCB,2025-03-18,56747,56807,55303,56289,400223
TCB,2025-03-17,56914,58256,56688,57828,475957
TCB,2025-03-16,56879,57568,56290,57440,399173
TCB,2025-03-15,54116,54560,53614,54554,497689
TCB,2025-03-14,57132,57737,56218,57412,853961
TCB,2025-03-13,57392,57677,56354,56673,728061
TCB,2025-03-12,56499,56691,55652,55808,374325
TCB,2025-03-11,56596,56768,55188,55649,168355
TCB,2025-03-10,54620,56147,54519,55377,567087
TCB,2025-03-09,54363,54849,53466,53789,730522
TCB,2025-03-08,57240,57611,56989,57306,341029
TCB,2025-03-07,55280,56132,54409,55016,498519
TCB,2025-03-06,56069,56952,55582,55660,153276
TCB,2025-03-05,54978,56135,54241,55606,642316
TCB,2025-03-04,55634,56392,55123,55704,250005
TCB,2025-03-03,54899,55263,54000,54195,853307
TCB,2025-03-02,54294,55358,54095,55127,528442
TCB,2025-03-01,53038,53834,52188,53481,257238
TCB,2025-02-28,52433,53555,51975,52916,259776
TCB,2025-02-27,53460,54885,53162,53942,885669
TCB,2025-02-26,53577,54432,52854,53632,584648
TCB,2025-02-25,55823,56533,55199,55528,851226
TCB,2025-02-24,53120,54188,53106,53287,669691
TCB,2025-02-23,54213,55622,53754,55206,998166
TCB,2025-02-22,52171,52625,51763,52485,834820
TCB,2025-02-21,53390,54553,52421,54148,806835
TCB,2025-02-20,56393,56987,54905,55544,509375
TCB,2025-02-19,53817,55190,53351,54661,914519
TCB,2025-02-18,53955,54146,52953,52989,847767
TCB,2025-02-17,55227,55712,54411,54517,786436
TCB,2025-02-16,52154,53169,51972,52646,984514
TCB,2025-02-15,54076,54331,53041,53556,327300
TCB,2025-02-14,54080,54756,53863,54473,442798
TCB,2025-02-13,54144,54607,53508,53923,661627
TCB,2025-02-12,53209,54017,53061,53085,631264
TCB,2025-02-11,51804,51989,50195,50937,240775
TCB,2025-02-10,52431,53630,52071,53044,138498
TCB,2025-02-09,51722,52588,51128,52435,517097
TCB,2025-02-08,52564,52869,51888,52568,978724
TCB,2025-02-07,51526,51928,50514,50742,285754
TCB,2025-02-06,53488,54753,53104,54049,893352
TCB,2025-02-05,52406,52780,51607,52580,596957
TCB,2025-02-04,52215,53511,52103,53148,664903
TCB,2025-02-03,50387,50881,49268,50216,632626
TCB,2025-02-02,50789,52007,50212,51757,872743
TCB,2025-02-01,52709,53022,51793,52556,604457
TCB,2025-01-31,53121,53601,52811,53307,496706
TCB,2025-01-30,51010,51868,50078,51007,102861
TCB,2025-01-29,51301,52087,50310,51614,893454
TCB,2025-01-28,53833,54276,52781,53007,567402
TCB,2025-01-27,50468,52317,50102,51393,737593
TCB,2025-01-26,49402,49626,48687,49453,362497
TCB,2025-01-25,49864,50809,49758,50120,237962
TCB,2025-01-24,49811,50798,49797,50721,891679
TCB,2025-01-23,51319,52243,50767,51708,886926
TCB,2025-01-22,50065,51259,49440,50302,389754
TCB,2025-01-21,49622,50555,48169,48955,538009
TCB,2025-01-20,51440,52908,51059,52190,645886
TCB,2025-01-19,49795,50205,48845,49018,985646
TCB,2025-01-18,51166,51854,50655,51362,756587
TCB,2025-01-17,49782,50632,48806,48910,723416
TCB,2025-01-16,49587,50924,49576,50435,437965
TCB,2025-01-15,51880,51993,51632,51952,209509
TCB,2025-01-14,49935,50183,49476,49972,794131
TPB,2025-04-13,59362,59836,57665,58388,179501
TPB,2025-04-12,60417,60523,59887,60322,189255
TPB,2025-04-11,57093,58187,56346,57929,373351
TPB,2025-04-10,60776,61677,60020,60026,478899
TPB,2025-04-09,59185,59406,57975,58619,752090
TPB,2025-04-08,59520,60219,59162,59414,224684
TPB,2025-04-07,57978,58370,57078,58239,647250
TPB,2025-04-06,59609,59655,59258,59462,599372
TPB,2025-04-05,58848,59879,58529,58945,321324
TPB,2025-04-04,58319,59284,56717,57471,739214
TPB,2025-04-03,57792,58187,56658,56995,169023
TPB,2025-04-02,56280,56622,55211,56006,206512
TPB,2025-04-01,55373,56617,55255,56328,825874
TPB,2025-03-31,56537,58362,56296,57493,180286
TPB,2025-03-30,58244,58454,57710,57968,785167
TPB,2025-03-29,57736,58621,56912,58098,195857
TPB,2025-03-28,58204,58321,56599,57501,554656
TPB,2025-03-27,57429,57659,57201,57444,225627
TPB,2025-03-26,57167,57913,56288,57762,570148
TPB,2025-03-25,55220,56211,54853,55832,175276
TPB,2025-03-24,57546,58828,56568,58143,559659
TPB,2025-03-23,55399,56679,54598,56282,113296
TPB,2025-03-22,57764,57992,56664,57306,772459
TPB,2025-03-21,58028,59386,57806,58633,546566
TPB,2025-03-20,57381,58426,57001,57805,526441
TPB,2025-03-19,56845,57793,55968,56525,561862
TPB,2025-03-18,55846,56980,55138,56560,623361
TPB,2025-03-17,55342,56131,54373,54559,331070
TPB,2025-03-16,57251,57613,56471,56901,860243
TPB,2025-03-15,53966,55072,53716,54430,289653
TPB,2025-03-14,53979,54915,53936,54511,305732
TPB,2025-03-13,57810,57914,56958,57799,873705
TPB,2025-03-12,55880,56219,55292,56196,221373
TPB,2025-03-11,57663,57886,56826,57204,324977
TPB,2025-03-10,55095,55853,54276,54321,781495
TPB,2025-03-09,53362,54122,52666,53760,983609
TPB,2025-03-08,54853,55400,53500,54045,273569
TPB,2025-03-07,55257,55489,54341,55340,124453
TPB,2025-03-06,53488,54729,52667,53829,820446
TPB,2025-03-05,53820,54121,53537,53808,327146
TPB,2025-03-04,56008,56569,55687,55693,151147
TPB,2025-03-03,54481,55145,54207,54662,870146
TPB,2025-03-02,54250,55279,53572,54361,915340
TPB,2025-03-01,54893,55361,53932,55002,978039
TPB,2025-02-28,56559,56624,55277,56157,537289
TPB,2025-02-27,53747,54761,53444,54407,286117
TPB,2025-02-26,54004,54743,53276,53868,967418
TPB,2025-02-25,52929,54532,52819,53815,246943
TPB,2025-02-24,53599,53783,52584,52852,104211
TPB,2025-02-23,52841,53289,52001,53076,156253
TPB,2025-02-22,51377,52855,51142,52337,473973
TPB,2025-02-21,53131,53910,52275,52353,430920
TPB,2025-02-20,56126,56650,55211,55496,969416
TPB,2025-02-19,52036,52840,51683,51885,467191
TPB,2025-02-18,53540,53861,52521,53012,575827
TPB,2025-02-17,54622,54909,53211,54121,374116
TPB,2025-02-16,52243,52801,51418,52141,626907
TPB,2025-02-15,51662,51965,51093,51810,203802
TPB,2025-02-14,52962,52982,52923,52969,454387
TPB,2025-02-13,55093,55523,54714,54875,471427
TPB,2025-02-12,53919,54155,52473,52931,816891
TPB,2025-02-11,54540,55428,53789,53961,388180
TPB,2025-02-10,52940,54104,52223,53596,593437
TPB,2025-02-09,52370,52814,51289,51501,456909
TPB,2025-02-08,50527,51405,50244,50909,810171
TPB,2025-02-07,53792,54222,52208,52851,697937
TPB,2025-02-06,50893,51640,50788,51430,949982
TPB,2025-02-05,52462,53784,52112,53439,717903
TPB,2025-02-04,49787,50962,49319,50703,454310
TPB,2025-02-03,51997,52789,50749,51716,765701
TPB,2025-02-02,53593,54455,52411,52738,915884
TPB,2025-02-01,54038,54286,52524,53523,626333
TPB,2025-01-31,52307,52643,51189,51579,223408
TPB,2025-01-30,52806,54094,51847,53641,936130
TPB,2025-01-29,52496,54135,52466,53145,817490
TPB,2025-01-28,51518,51568,51008,51295,474174
TPB,2025-01-27,50001,50485,49180,49651,739031
TPB,2025-01-26,49976,50930,48794,49310,863719
TPB,2025-01-25,51585,53244,50587,52312,619716
TPB,2025-01-24,53160,53992,52026,52357,911639
TPB,2025-01-23,51463,52350,51186,51421,848339
TPB,2025-01-22,51469,52165,50620,51024,704441
TPB,2025-01-21,50836,51644,50521,51588,882322
TPB,2025-01-20,50213,51410,49819,50884,455811
TPB,2025-01-19,52519,53425,51999,52027,472485
TPB,2025-01-18,48845,49578,48647,49022,881040
TPB,2025-01-17,47878,48703,47739,48518,873039
TPB,2025-01-16,52095,52443,51278,51588,886226
TPB,2025-01-15,52139,52144,50526,51210,362036
TPB,2025-01-14,48312,48954,47505,48251,485597
VCB,2025-04-13,60629,61536,59704,60440,861413
VCB,2025-04-12,57895,58686,56960,57341,133171
VCB,2025-04-11,57461,58889,57350,58277,348922
VCB,2025-04-10,57462,58190,56602,57352,653005
VCB,2025-04-09,59094,59281,57838,58246,550574
VCB,2025-04-08,58197,59480,57670,58978,906618
VCB,2025-04-07,58831,59498,58080,58864,277530
VCB,2025-04-06,58946,59776,57926,58255,956896
VCB,2025-04-05,58322,58845,57659,58800,920622
VCB,2025-04-04,55742,56557,55468,56409,924593
VCB,2025-04-03,57818,58356,56649,56871,829433
VCB,2025-04-02,59421,59771,59051,59156,506124
VCB,2025-04-01,56921,57612,56055,57108,216261
VCB,2025-03-31,59170,59490,58110,58896,949095
VCB,2025-03-30,56198,57186,55949,56091,452894
VCB,2025-03-29,58440,59527,58439,58540,463382
VCB,2025-03-28,59440,59517,59072,59123,406820
VCB,2025-03-27,57958,59780,57467,58843,549749
VCB,2025-03-26,56661,57596,54937,55792,368627
VCB,2025-03-25,57134,57461,56299,56326,344679
VCB,2025-03-24,57410,58087,56751,57206,319870
VCB,2025-03-23,57019,58140,56798,57608,838669
VCB,2025-03-22,55629,56408,53996,54811,901140
VCB,2025-03-21,56341,57452,55859,57300,994513
VCB,2025-03-20,57747,59470,56954,58575,671667
VCB,2025-03-19,56368,57062,55979,56906,981877
VCB,2025-03-18,55304,55729,55037,55086,812701
VCB,2025-03-17,54778,55766,53912,55528,146851
VCB,2025-03-16,58598,59451,57264,57870,305275
VCB,2025-03-15,53242,55066,52735,54166,385818
VCB,2025-03-14,58028,58405,56753,57034,919464
VCB,2025-03-13,56940,57661,55812,56128,433026
VCB,2025-03-12,57839,58151,56978,57275,193189
VCB,2025-03-11,57201,57847,56334,57134,511256
VCB,2025-03-10,54274,54426,53327,53686,363359
VCB,2025-03-09,57050,57452,56920,57329,533481
VCB,2025-03-08,54750,54953,53712,54268,187798
VCB,2025-03-07,55146,55783,54487,54824,745954
VCB,2025-03-06,57521,57715,56120,56929,206250
VCB,2025-03-05,54577,55158,54051,54259,689854
VCB,2025-03-04,54821,55513,53730,53867,446515
VCB,2025-03-03,53316,54279,52773,53859,705503
VCB,2025-03-02,56852,57828,55835,56690,317658
VCB,2025-03-01,55644,55737,55262,55631,283108
VCB,2025-02-28,54312,55564,53749,54831,972465
VCB,2025-02-27,54844,55428,53594,54278,787736
VCB,2025-02-26,56654,56723,55339,56031,576148
VCB,2025-02-25,54868,56075,54470,55727,241508
VCB,2025-02-24,54872,55659,53513,54088,661246
VCB,2025-02-23,52783,53827,51784,53723,524750
VCB,2025-02-22,52903,53553,52278,52529,250816
VCB,2025-02-21,54270,55309,54245,54991,746888
VCB,2025-02-20,55947,56358,54559,55094,457003
VCB,2025-02-19,55508,55916,55248,55266,780315
VCB,2025-02-18,51915,53259,51414,52639,823960
VCB,2025-02-17,56416,56424,54572,55456,812411
VCB,2025-02-16,52555,52586,51185,52129,844043
VCB,2025-02-15,55117,55927,54665,54777,177562
VCB,2025-02-14,51622,52121,50796,51510,368300
VCB,2025-02-13,53378,54364,53073,53689,737700
VCB,2025-02-12,53223,53825,52346,52551,893746
VCB,2025-02-11,51484,51576,50809,51328,574641
VCB,2025-02-10,51627,52527,50883,52054,149009
VCB,2025-02-09,53332,54056,51918,52654,404430
VCB,2025-02-08,53805,54768,52972,54046,795417
VCB,2025-02-07,52770,53564,51812,52418,353745
VCB,2025-02-06,52060,52783,51235,51629,309052
VCB,2025-02-05,54573,54992,52862,53718,942229
VCB,2025-02-04,51411,52051,50948,51035,297035
VCB,2025-02-03,53483,54072,51831,52652,977923
VCB,2025-02-02,51978,52248,51392,52117,411815
VCB,2025-02-01,50108,50940,49391,50241,312057
VCB,2025-01-31,54562,55322,53386,53696,163598
VCB,2025-01-30,52962,53447,51745,52638,192969
VCB,2025-01-29,51985,52742,51377,52562,463814
VCB,2025-01-28,52797,53003,52530,52566,969930
VCB,2025-01-27,52438,53550,51964,52740,964139
VCB,2025-01-26,50355,51125,49706,50034,767276
VCB,2025-01-25,50672,52323,49960,51501,303720
VCB,2025-01-24,50072,50640,48688,49548,244418
VCB,2025-01-23,50948,51602,50246,51542,353844
VCB,2025-01-22,49796,50145,48691,49330,893021
VCB,2025-01-21,52718,53061,51403,51753,699723
VCB,2025-01-20,49628,49801,48744,49183,900862
VCB,2025-01-19,50301,50761,49212,50063,417962
VCB,2025-01-18,51313,51997,50954,51903,589260
VCB,2025-01-17,49536,50963,49031,50221,644257
VCB,2025-01-16,49078,49189,48160,48633,193420
VCB,2025-01-15,50371,50910,49567,50452,214522
VCB,2025-01-14,47958,49402,47568,48476,410162
VHM,2025-04-13,58417,58676,57599,58562,813272
VHM,2025-04-12,58996,59796,57977,58587,769957
VHM,2025-04-11,58351,59175,57618,58755,117679
VHM,2025-04-10,57134,57947,56582,56786,163486
VHM,2025-04-09,57688,58365,56452,56907,627656
VHM,2025-04-08,59810,59935,59246,59503,397811
VHM,2025-04-07,58830,59669,58687,59206,424495
VHM,2025-04-06,56776,57042,56366,56602,691514
VHM,2025-04-05,55766,56323,55032,56221,355808
VHM,2025-04-04,55986,56969,55332,56121,200575
VHM,2025-04-03,56389,57525,55497,57307,766786
VHM,2025-04-02,58765,59392,58026,58947,921818
VHM,2025-04-01,58002,58878,56651,57635,357901
VHM,2025-03-31,59536,60480,58535,59320,378557
VHM,2025-03-30,59971,60696,59185,59464,592380
VHM,2025-03-29,58183,58480,57546,57860,820286
VHM,2025-03-28,57400,58553,56881,57584,136824
VHM,2025-03-27,59779,59884,58780,58993,583941
VHM,2025-03-26,56046,56974,55234,56440,542590
VHM,2025-03-25,58153,58219,57021,57968,512597
VHM,2025-03-24,57419,58405,56831,58042,227631
VHM,2025-03-23,57369,57923,56004,56597,561913
VHM,2025-03-22,57876,58365,56341,57082,610470
VHM,2025-03-21,57753,58082,56744,57030,893848
VHM,2025-03-20,57634,57891,57410,57800,583676
VHM,2025-03-19,57131,57380,56422,56832,329426
VHM,2025-03-18,56526,57428,55521,55573,490526
VHM,2025-03-17,55954,56935,55765,56155,550728
VHM,2025-03-16,56930,58012,56396,57589,636689
VHM,2025-03-15,53920,54873,52929,54331,757535
VHM,2025-03-14,56223,56766,55947,56004,845024
VHM,2025-03-13,56177,57232,55563,56569,158301
VHM,2025-03-12,54724,56008,54055,55312,101173
VHM,2025-03-11,54989,55025,53907,54201,387895
VHM,2025-03-10,54166,54633,53788,53971,140388
VHM,2025-03-09,54828,55286,53928,54733,793176
VHM,2025-03-08,56257,56855,55625,56418,745475
VHM,2025-03-07,56782,57004,55428,56259,113310
VHM,2025-03-06,55586,56347,54001,54948,789873
VHM,2025-03-05,55861,55959,54656,55127,485041
VHM,2025-03-04,56992,57381,56200,56661,193294
VHM,2025-03-03,52242,53756,52073,52990,750512
VHM,2025-03-02,54213,55868,53499,55112,883666
VHM,2025-03-01,53023,53605,52795,52920,178848
VHM,2025-02-28,56572,57025,55201,56086,720350
VHM,2025-02-27,55167,56315,55093,55444,379391
VHM,2025-02-26,56543,56870,55785,56208,846890
VHM,2025-02-25,53402,53946,51759,52511,698266
VHM,2025-02-24,55596,56752,54852,55781,602056
VHM,2025-02-23,55766,56292,54767,55309,299747
VHM,2025-02-22,54289,55929,54186,55129,400980
VHM,2025-02-21,52926,53915,51322,52168,480127
VHM,2025-02-20,53037,53919,52075,53299,442625
VHM,2025-02-19,54896,55318,53605,54348,667738
VHM,2025-02-18,54135,54823,53647,53763,651914
VHM,2025-02-17,54960,55696,53817,54790,503022
VHM,2025-02-16,53432,53986,52734,53151,900191
VHM,2025-02-15,53713,54376,52916,53004,295374
VHM,2025-02-14,55512,55657,54210,55195,806548
VHM,2025-02-13,53215,54072,52565,53926,167211
VHM,2025-02-12,53862,54460,52774,53280,186215
VHM,2025-02-11,53222,53491,52838,53147,816847
VHM,2025-02-10,51730,51848,51299,51664,946588
VHM,2025-02-09,50725,51549,49777,51514,475832
VHM,2025-02-08,54592,55378,53036,53921,312928
VHM,2025-02-07,53850,54249,53144,53838,655058
VHM,2025-02-06,51820,52014,50566,51233,871044
VHM,2025-02-05,50648,51929,49699,51492,473317
VHM,2025-02-04,50513,51032,50222,50571,429620
VHM,2025-02-03,52645,52888,51960,52112,458494
VHM,2025-02-02,50562,52274,49819,51541,644621
VHM,2025-02-01,51943,53521,51314,52881,200165
VHM,2025-01-31,53109,53887,52036,52125,367345
VHM,2025-01-30,51381,52682,51207,52063,260841
VHM,2025-01-29,53419,54554,53189,53590,721825
VHM,2025-01-28,52831,53392,52077,52926,692488
VHM,2025-01-27,50964,51813,50054,51212,344326
VHM,2025-01-26,51184,52301,50537,51696,702563
VHM,2025-01-25,49921,50276,48649,49327,407374
VHM,2025-01-24,52786,53650,52279,52834,454703
VHM,2025-01-23,52548,52766,51499,52117,119952
VHM,2025-01-22,53583,53903,52255,52663,473690
VHM,2025-01-21,49045,50260,49028,49580,113098
VHM,2025-01-20,52564,53201,52116,52656,122551
VHM,2025-01-19,51449,52299,50844,51144,742639
VHM,2025-01-18,49038,49910,48937,49473,293930
VHM,2025-01-17,49834,50216,49691,49838,210972
VHM,2025-01-16,51260,52336,51004,51696,303629
VHM,2025-01-15,50742,51491,50126,50668,937995
VHM,2025-01-14,49650,50487,49012,49942,621881
VIB,2025-04-13,60797,61506,59832,60109,722441
VIB,2025-04-12,57618,57981,56456,56921,685754
VIB,2025-04-11,56317,57869,55344,57039,828875
VIB,2025-04-10,59505,59518,58484,59245,238590
VIB,2025-04-09,57632,58267,56941,57597,277192
VIB,2025-04-08,55928,56927,55173,56550,292295
VIB,2025-04-07,58719,60063,58294,59487,597710
VIB,2025-04-06,59482,60692,58744,60294,710939
VIB,2025-04-05,57353,57873,56080,56458,965000
VIB,2025-04-04,59155,60097,58914,59285,412772
VIB,2025-04-03,57669,59120,57667,58343,921532
VIB,2025-04-02,56186,57658,55578,56903,599842
VIB,2025-04-01,57527,57784,56445,56734,240878
VIB,2025-03-31,58086,58751,57533,57991,746375
VIB,2025-03-30,55378,56236,55119,55998,776422
VIB,2025-03-29,58479,59583,58252,59254,785746
VIB,2025-03-28,57188,58382,56643,57962,666205
VIB,2025-03-27,58376,58395,57079,57523,855120
VIB,2025-03-26,58282,58655,56904,57596,861849
VIB,2025-03-25,57788,58284,57402,57826,928792
VIB,2025-03-24,56356,56973,54865,55823,829140
VIB,2025-03-23,56446,57768,55553,57155,416441
VIB,2025-03-22,56564,58354,56061,57488,740885
VIB,2025-03-21,57668,58036,55938,56729,980499
VIB,2025-03-20,57007,58171,56272,57833,634113
VIB,2025-03-19,56637,57528,55688,56638,823593
VIB,2025-03-18,56800,57851,56794,57655,557410
VIB,2025-03-17,56433,58345,56262,57398,559396
VIB,2025-03-16,54624,55930,54102,55011,771573
VIB,2025-03-15,55662,55936,55054,55365,213097
VIB,2025-03-14,55526,56401,54285,55255,440373
VIB,2025-03-13,54864,56174,54639,55763,898696
VIB,2025-03-12,56908,58334,56577,57677,302915
VIB,2025-03-11,56107,57183,55804,56287,989661
VIB,2025-03-10,54937,56172,54379,55932,322419
VIB,2025-03-09,56671,56956,56082,56433,211321
VIB,2025-03-08,55825,56783,55070,56185,540110
VIB,2025-03-07,53717,54061,53496,53567,254112
VIB,2025-03-06,57870,57936,56997,57006,701126
VIB,2025-03-05,53730,54671,53384,53943,801732
VIB,2025-03-04,57283,57863,56246,56341,435964
VIB,2025-03-03,54755,55083,53144,53925,710191
VIB,2025-03-02,53707,53884,53361,53517,351523
VIB,2025-03-01,53033,53477,51969,52920,575169
VIB,2025-02-28,54106,54834,52483,53380,125311
VIB,2025-02-27,54058,55217,53137,55045,439231
VIB,2025-02-26,56101,56789,54503,55252,962930
VIB,2025-02-25,53122,53967,52475,52695,222139
VIB,2025-02-24,52580,54101,51976,53537,423612
VIB,2025-02-23,52013,52621,51078,52331,947933
VIB,2025-02-22,52242,52626,51146,52093,949252
VIB,2025-02-21,52932,53982,52886,53260,809744
VIB,2025-02-20,53318,54423,52801,53782,441777
VIB,2025-02-19,51635,52162,51601,52010,254429
VIB,2025-02-18,53753,55292,53592,54513,692328
VIB,2025-02-17,53288,54264,52997,53563,888578
VIB,2025-02-16,52408,52419,51837,52299,713245
VIB,2025-02-15,55104,55737,54578,54587,981516
VIB,2025-02-14,51213,53010,50949,52114,633739
VIB,2025-02-13,50630,51856,50026,51504,945678
VIB,2025-02-12,52503,52793,51026,51831,892572
VIB,2025-02-11,54437,54750,53614,54081,280096
VIB,2025-02-10,50942,52045,50159,51180,227773
VIB,2025-02-09,53931,54535,53623,53626,987325
VIB,2025-02-08,51542,51712,50490,51147,236842
VIB,2025-02-07,55025,55843,53209,54177,439803
VIB,2025-02-06,52017,52129,51328,51716,327369
VIB,2025-02-05,52144,53050,50918,51661,377875
VIB,2025-02-04,54300,55116,53287,53706,321920
VIB,2025-02-03,52495,53021,51362,52017,700934
VIB,2025-02-02,51825,52510,50823,51024,163639
VIB,2025-02-01,50867,51917,50431,51774,388925
VIB,2025-01-31,50763,51064,49173,50105,770506
VIB,2025-01-30,52456,53351,51194,52155,969822
VIB,2025-01-29,49299,50019,48921,49742,506376
VIB,2025-01-28,51544,53138,50796,52309,784061
VIB,2025-01-27,50261,51319,49479,50502,486141
VIB,2025-01-26,53937,54834,52773,53282,541436
VIB,2025-01-25,51873,52989,51415,52146,321000
VIB,2025-01-24,51175,52031,50698,50927,350466
VIB,2025-01-23,50432,51754,49898,51052,631289
VIB,2025-01-22,50589,51928,49668,51341,671660
VIB,2025-01-21,51980,52355,51396,51680,921478
VIB,2025-01-20,51575,52270,50908,51809,563962
VIB,2025-01-19,49845,51441,49774,50633,293586
VIB,2025-01-18,50480,50980,49190,49668,495698
VIB,2025-01-17,49546,49596,48697,49503,804484
VIB,2025-01-16,49783,49958,48387,49097,469094
VIB,2025-01-15,53107,53549,51834,52156,283028
VIB,2025-01-14,51466,51983,51129,51675,774821
VIC,2025-04-13,60646,61464,59804,60794,251212
VIC,2025-04-12,56574,57319,56124,57145,426866
VIC,2025-04-11,56371,57510,56186,56832,937133
VIC,2025-04-10,60894,61378,60499,60695,321113
VIC,2025-04-09,57090,57602,56329,56928,263087
VIC,2025-04-08,59037,59917,58964,59303,449822
VIC,2025-04-07,56609,57793,56549,57497,848663
VIC,2025-04-06,58139,59757,57190,59137,916543
VIC,2025-04-05,60987,61945,59984,60128,413458
VIC,2025-04-04,57098,58040,56324,56856,527838
VIC,2025-04-03,57410,57447,56834,56866,157885
VIC,2025-04-02,55410,56282,54439,55989,526908
VIC,2025-04-01,55066,56663,54804,55904,267502
VIC,2025-03-31,56554,56851,55729,56243,700463
VIC,2025-03-30,59530,59673,58303,59005,985670
VIC,2025-03-29,57063,57540,56757,57498,912376
VIC,2025-03-28,56486,57705,56140,56793,903295
VIC,2025-03-27,58489,59547,57904,58969,490202
VIC,2025-03-26,59242,59747,57776,58427,966321
VIC,2025-03-25,56485,57940,56076,57315,484296
VIC,2025-03-24,58222,58841,57098,57691,587356
VIC,2025-03-23,56854,57303,55349,56345,877767
VIC,2025-03-22,57835,58265,57632,58037,524101
VIC,2025-03-21,55851,56217,54990,55581,328149
VIC,2025-03-20,56026,57061,55684,56321,917485
VIC,2025-03-19,56837,57914,56557,57679,676752
VIC,2025-03-18,56817,58289,56262,57508,489798
VIC,2025-03-17,55128,56102,54654,55121,927581
VIC,2025-03-16,54852,55209,54337,54899,437791
VIC,2025-03-15,55704,56517,54452,54904,400504
VIC,2025-03-14,57412,58212,55669,56623,136226
VIC,2025-03-13,55784,56006,54751,55414,791318
VIC,2025-03-12,54296,54796,53107,53817,710383
VIC,2025-03-11,57266,57580,57101,57549,727946
VIC,2025-03-10,55691,56942,55605,56180,440453
VIC,2025-03-09,56379,56838,54814,55484,221039
VIC,2025-03-08,56551,57610,55913,57218,168787
VIC,2025-03-07,57899,58772,57066,57104,240727
VIC,2025-03-06,52930,54124,52062,53447,377074
VIC,2025-03-05,57087,57987,55761,56097,964397
VIC,2025-03-04,55357,55871,54601,55005,920840
VIC,2025-03-03,52026,53897,51322,53026,414362
VIC,2025-03-02,53089,54520,52938,53663,629192
VIC,2025-03-01,55517,56820,55368,55853,415633
VIC,2025-02-28,52814,52951,52512,52626,229333
VIC,2025-02-27,55778,56098,54713,55713,614457
VIC,2025-02-26,53360,54135,52210,53160,837845
VIC,2025-02-25,52963,54627,52436,53791,865275
VIC,2025-02-24,54740,55398,53835,54928,595479
VIC,2025-02-23,54885,55869,53930,54294,541371
VIC,2025-02-22,52467,54211,51788,53227,274934
VIC,2025-02-21,53293,53400,52656,53123,766353
VIC,2025-02-20,52688,52810,52129,52724,842283
VIC,2025-02-19,51582,52009,51066,51769,550633
VIC,2025-02-18,55096,55728,54296,54830,467200
VIC,2025-02-17,52089,53182,51389,52659,967471
VIC,2025-02-16,53201,53520,51503,52351,134287
VIC,2025-02-15,54447,55199,54368,54873,309340
VIC,2025-02-14,55175,55982,53836,54583,360245
VIC,2025-02-13,51911,52452,50483,51261,168006
VIC,2025-02-12,51450,52336,50888,51168,374114
VIC,2025-02-11,53104,54561,52384,53688,896724
VIC,2025-02-10,52962,53779,52467,53159,465792
VIC,2025-02-09,52642,53897,52095,53083,318337
VIC,2025-02-08,54216,55146,52280,53249,328988
VIC,2025-02-07,52492,52642,50796,51608,159282
VIC,2025-02-06,49953,51283,49838,50916,840151
VIC,2025-02-05,51237,51486,49569,50351,167307
VIC,2025-02-04,52519,53085,51484,52154,460949
VIC,2025-02-03,53040,54539,52541,53569,574473
VIC,2025-02-02,53601,54123,52708,53604,439106
VIC,2025-02-01,49560,50911,48693,49958,564685
VIC,2025-01-31,51381,52359,51078,51330,323962
VIC,2025-01-30,50266,50722,49385,50423,972673
VIC,2025-01-29,50396,51257,48998,49693,200678
VIC,2025-01-28,50663,51719,49706,51300,243391
VIC,2025-01-27,50165,51375,49801,50776,647303
VIC,2025-01-26,53078,53638,52618,52983,467836
VIC,2025-01-25,53216,53641,52136,52450,458666
VIC,2025-01-24,50940,51601,50484,51193,596442
VIC,2025-01-23,51707,52309,50252,50942,799022
VIC,2025-01-22,49840,51104,49333,50715,188825
VIC,2025-01-21,49871,50326,48957,49656,694507
VIC,2025-01-20,51648,52123,51147,51351,185357
VIC,2025-01-19,50486,50833,49441,50043,428153
VIC,2025-01-18,48670,49079,48165,48987,384799
VIC,2025-01-17,52212,53071,50853,51340,493885
VIC,2025-01-16,51923,51952,50576,51411,543371
VIC,2025-01-15,51305,51510,50249,51158,948194
VIC,2025-01-14,52742,52782,51550,51968,398190
VJC,2025-04-13,58664,59784,57965,59133,469166
VJC,2025-04-12,58992,59496,58699,59305,465663
VJC,2025-04-11,59737,61244,59143,60582,249058
VJC,2025-04-10,60159,61014,59059,59323,324674
VJC,2025-04-09,56151,57905,55204,57118,370288
VJC,2025-04-08,59105,59564,58520,58555,718703
VJC,2025-04-07,58445,59468,58411,59292,943118
VJC,2025-04-06,58729,59027,57616,58028,774714
VJC,2025-04-05,58717,59087,58526,58702,564281
VJC,2025-04-04,57313,57921,56198,56387,161345
VJC,2025-04-03,56523,56579,56168,56265,999993
VJC,2025-04-02,57670,58908,57480,58284,668141
VJC,2025-04-01,56736,56856,55671,56599,480934
VJC,2025-03-31,58647,59025,57797,58823,828299
VJC,2025-03-30,58442,58903,57138,57945,745456
VJC,2025-03-29,55814,56228,55423,55629,871387
VJC,2025-03-28,58310,59165,57360,58465,271840
VJC,2025-03-27,59435,60301,58795,58805,959625
VJC,2025-03-26,56094,57078,55471,55861,363705
VJC,2025-03-25,57235,57898,56873,57848,239628
VJC,2025-03-24,58998,59708,58149,58701,996847
VJC,2025-03-23,55382,56376,55202,55999,378017
VJC,2025-03-22,54388,55299,54327,54887,376100
VJC,2025-03-21,59133,59904,57656,58275,797004
VJC,2025-03-20,56282,56712,55681,56552,858966
VJC,2025-03-19,53771,54723,53651,54579,564132
VJC,2025-03-18,57823,58485,56431,56909,402794
VJC,2025-03-17,57957,58563,57290,57371,102773
VJC,2025-03-16,54062,54863,53103,54691,564889
VJC,2025-03-15,57287,57454,56108,56540,424362
VJC,2025-03-14,56488,57180,56153,56394,253728
VJC,2025-03-13,54669,56243,54389,55408,920761
VJC,2025-03-12,56543,57167,55817,56544,399185
VJC,2025-03-11,57704,58328,56509,57178,690849
VJC,2025-03-10,57984,58032,56238,57025,347724
VJC,2025-03-09,53490,54026,53018,54021,452526
VJC,2025-03-08,57264,57913,56437,57312,742060
VJC,2025-03-07,56423,57203,55427,57045,690148
VJC,2025-03-06,54605,55222,54079,54439,115924
VJC,2025-03-05,55842,56617,54862,54994,313514
VJC,2025-03-04,56206,57483,56094,56656,261845
VJC,2025-03-03,55111,56332,54292,55789,188165
VJC,2025-03-02,57027,57512,55777,56109,398710
VJC,2025-03-01,55084,56130,54293,55372,843603
VJC,2025-02-28,55018,56386,54928,55406,652464
VJC,2025-02-27,55330,56778,54780,56198,597815
VJC,2025-02-26,52923,53618,52803,53093,799842
VJC,2025-02-25,52651,53540,52061,53206,439708
VJC,2025-02-24,54720,55142,54314,54621,736098
VJC,2025-02-23,52982,53240,51657,52364,226295
VJC,2025-02-22,55616,56424,55336,55607,515984
VJC,2025-02-21,55284,56115,54293,54373,161111
VJC,2025-02-20,54483,54961,53631,53778,732852
VJC,2025-02-19,55654,56292,54320,54742,786994
VJC,2025-02-18,55263,56204,54021,54631,703476
VJC,2025-02-17,54042,54625,53474,53725,474909
VJC,2025-02-16,53423,54341,52986,54275,653961
VJC,2025-02-15,54134,55210,54051,54474,165055
VJC,2025-02-14,54593,55682,54417,54896,476558
VJC,2025-02-13,54619,55501,53843,54474,230184
VJC,2025-02-12,51960,52652,51515,52453,215336
VJC,2025-02-11,54133,54642,52780,53263,818615
VJC,2025-02-10,52160,53939,51255,53078,283182
VJC,2025-02-09,53476,54558,53063,54463,674341
VJC,2025-02-08,51946,52885,51439,52463,374387
VJC,2025-02-07,51583,51643,50460,50626,597147
VJC,2025-02-06,52992,54143,52963,53410,154817
VJC,2025-02-05,51086,51753,50155,51182,652785
VJC,2025-02-04,51917,52700,51498,51525,225179
VJC,2025-02-03,51142,52254,50562,51436,294593
VJC,2025-02-02,52159,53036,51178,51604,905540
VJC,2025-02-01,50000,51171,49166,50474,246726
VJC,2025-01-31,50160,50576,49640,50484,989418
VJC,2025-01-30,49108,50543,48592,50008,660382
VJC,2025-01-29,50398,51497,49486,50734,512408
VJC,2025-01-28,51018,51722,49801,50449,406357
VJC,2025-01-27,51926,52797,51764,52187,987476
VJC,2025-01-26,50357,51557,50153,50620,990298
VJC,2025-01-25,52096,52886,51480,52217,963776
VJC,2025-01-24,51948,53405,51205,52643,785479
VJC,2025-01-23,52997,53063,51645,52395,845352
VJC,2025-01-22,51187,52572,50715,51616,929233
VJC,2025-01-21,49856,50536,49204,49594,775221
VJC,2025-01-20,49836,50513,49173,49914,389345
VJC,2025-01-19,51878,52947,51804,52349,636266
VJC,2025-01-18,50804,51554,50506,50536,597407
VJC,2025-01-17,52155,53053,50592,51239,493293
VJC,2025-01-16,49329,50547,48991,50113,167255
VJC,2025-01-15,47716,49045,46716,48494,294351
VJC,2025-01-14,47904,49316,47725,48535,341750
VNM,2025-04-13,60891,61230,60162,60560,189135
VNM,2025-04-12,59421,60252,59085,60144,142701
VNM,2025-04-11,58527,59397,58463,58956,286967
VNM,2025-04-10,58347,59791,57579,59159,242132
VNM,2025-04-09,59370,60415,59078,60197,391184
VNM,2025-04-08,58474,59543,57819,59378,179840
VNM,2025-04-07,59195,61054,58222,60081,103824
VNM,2025-04-06,59858,61138,59104,60253,546642
VNM,2025-04-05,57307,58911,56564,58158,147845
VNM,2025-04-04,58516,59515,57625,57867,642769
VNM,2025-04-03,58109,58906,57861,58650,573463
VNM,2025-04-02,59517,60717,58982,59867,226548
VNM,2025-04-01,55169,56415,54352,55908,215561
VNM,2025-03-31,58688,59288,57947,58492,897477
VNM,2025-03-30,58163,59127,57638,58529,278689
VNM,2025-03-29,56010,57816,55510,56875,177846
VNM,2025-03-28,57216,57801,56227,56672,580899
VNM,2025-03-27,55244,55803,55032,55626,454366
VNM,2025-03-26,56044,56241,54988,55867,294481
VNM,2025-03-25,56138,56540,55243,55555,138083
VNM,2025-03-24,56618,57967,56108,56974,869234
VNM,2025-03-23,56667,57302,56594,56960,605543
VNM,2025-03-22,56500,56808,55826,56092,339849
VNM,2025-03-21,56997,57324,56281,56864,278496
VNM,2025-03-20,55915,56730,55016,55022,854839
VNM,2025-03-19,57352,59017,56655,58247,522632
VNM,2025-03-18,55726,56670,55279,56353,790710
VNM,2025-03-17,55899,56734,54844,55059,424304
VNM,2025-03-16,56920,58533,56486,57870,407558
VNM,2025-03-15,54126,54394,53180,54382,299459
VNM,2025-03-14,55637,55830,55281,55734,883227
VNM,2025-03-13,53264,54423,52681,54180,930655
VNM,2025-03-12,54208,55288,53939,54386,491451
VNM,2025-03-11,57318,58062,56824,56931,299108
VNM,2025-03-10,54742,55749,54202,54956,109250
VNM,2025-03-09,55115,56444,55014,55806,291585
VNM,2025-03-08,53601,54539,52575,53464,892941
VNM,2025-03-07,53046,53744,52084,53379,639622
VNM,2025-03-06,54096,54834,52807,53346,305370
VNM,2025-03-05,55531,56156,55182,56050,894924
VNM,2025-03-04,55735,56383,55134,56054,868404
VNM,2025-03-03,55346,56396,54564,55971,899839
VNM,2025-03-02,52352,53045,51564,52933,836682
VNM,2025-03-01,55903,57347,55785,56535,378627
VNM,2025-02-28,53333,53856,52999,53209,135630
VNM,2025-02-27,55980,56912,54595,55339,826567
VNM,2025-02-26,54648,55114,52999,53958,686179
VNM,2025-02-25,53630,54046,51977,52928,883526
VNM,2025-02-24,54347,55928,53537,55333,899470
VNM,2025-02-23,52881,52963,52440,52676,797272
VNM,2025-02-22,55677,56212,54776,55105,423911
VNM,2025-02-21,54041,54690,53910,54269,114507
VNM,2025-02-20,54336,54626,53527,54207,808759
VNM,2025-02-19,54740,55167,54121,54374,855665
VNM,2025-02-18,53175,54577,52921,53973,766688
VNM,2025-02-17,53364,54994,53338,54284,401155
VNM,2025-02-16,51890,53109,51431,52602,527275
VNM,2025-02-15,53685,55009,52743,54234,143522
VNM,2025-02-14,54469,54859,54297,54762,310322
VNM,2025-02-13,52874,53740,51896,53154,917251
VNM,2025-02-12,53586,53912,52626,52747,830884
VNM,2025-02-11,54020,54443,53427,53521,360586
VNM,2025-02-10,51703,52650,50900,50956,940833
VNM,2025-02-09,55364,55730,53895,54527,373406
VNM,2025-02-08,51880,53082,51293,52759,250991
VNM,2025-02-07,52445,53171,51708,53152,490889
VNM,2025-02-06,52301,52404,51293,51536,243261
VNM,2025-02-05,51998,52469,51171,51524,612198
VNM,2025-02-04,51671,51754,50726,51455,833764
VNM,2025-02-03,53194,53578,51852,52448,973469
VNM,2025-02-02,51932,51945,51113,51702,688976
VNM,2025-02-01,53496,53841,53282,53474,969446
VNM,2025-01-31,52164,52461,50727,51692,154139
VNM,2025-01-30,50666,51958,50199,51584,513913
VNM,2025-01-29,53858,54461,52635,53387,616635
VNM,2025-01-28,51071,51719,50098,50244,819751
VNM,2025-01-27,49933,50983,49710,50928,969934
VNM,2025-01-26,51199,51839,49657,50235,797224
VNM,2025-01-25,51526,51534,51051,51390,689925
VNM,2025-01-24,52098,53187,51400,52517,455896
VNM,2025-01-23,49310,51116,48996,50280,216204
VNM,2025-01-22,51911,52454,50947,51044,375599
VNM,2025-01-21,50747,52174,50224,51188,212171
VNM,2025-01-20,49189,49521,47762,48749,233666
VNM,2025-01-19,50389,51277,49211,49750,596502
VNM,2025-01-18,49634,49983,47886,48831,103239
VNM,2025-01-17,49099,50613,48218,49905,170925
VNM,2025-01-16,47865,49537,47811,48669,739055
VNM,2025-01-15,50390,51690,49672,51156,571178
VNM,2025-01-14,51565,51749,50834,50846,758470
VPB,2025-04-13,58427,58772,56937,57720,462040
VPB,2025-04-12,57919,58514,56244,57228,851618
VPB,2025-04-11,61344,61492,59850,60766,840402
VPB,2025-04-10,59193,60067,58949,59048,447996
VPB,2025-04-09,59016,59866,57783,58425,203555
VPB,2025-04-08,58549,58910,56938,57933,838832
VPB,2025-04-07,59804,60793,58927,60131,159356
VPB,2025-04-06,59895,61113,59197,60156,515510
VPB,2025-04-05,60144,60877,58744,59436,622859
VPB,2025-04-04,56776,57383,56456,56826,830942
VPB,2025-04-03,57302,57643,56126,56431,836319
VPB,2025-04-02,57801,58793,56740,56864,919114
VPB,2025-04-01,56710,56961,55069,55892,332109
VPB,2025-03-31,56826,58376,55997,57390,840469
VPB,2025-03-30,59054,59613,58026,58616,675807
VPB,2025-03-29,54806,56447,54724,55599,346507
VPB,2025-03-28,59577,60528,58393,58987,614140
VPB,2025-03-27,59422,59624,58634,58677,237296
VPB,2025-03-26,58913,59476,58391,59077,661845
VPB,2025-03-25,55489,57123,55254,56268,294470
VPB,2025-03-24,55308,56256,54745,55605,828754
VPB,2025-03-23,55686,56313,54883,54970,868564
VPB,2025-03-22,56410,56724,55392,55954,375578
VPB,2025-03-21,54671,55753,54476,55157,168765
VPB,2025-03-20,56562,56876,55490,56022,921875
VPB,2025-03-19,58404,58885,57593,57600,783919
VPB,2025-03-18,57764,57982,56674,57628,608262
VPB,2025-03-17,55811,56711,54588,55493,423051
VPB,2025-03-16,55744,56108,54743,54911,519531
VPB,2025-03-15,55380,56175,54958,55794,523443
VPB,2025-03-14,56269,57393,55505,56504,206154
VPB,2025-03-13,54127,55030,54089,54554,899210
VPB,2025-03-12,58446,58708,57300,57479,949269
VPB,2025-03-11,53373,55113,53276,54124,740815
VPB,2025-03-10,57741,58284,57105,57256,281181
VPB,2025-03-09,56139,57035,55323,56473,358603
VPB,2025-03-08,56159,56597,55191,56294,160897
VPB,2025-03-07,55682,56572,54950,55225,702214
VPB,2025-03-06,55817,56637,54368,55269,907710
VPB,2025-03-05,55188,55940,53620,54252,668879
VPB,2025-03-04,56900,57160,55223,56029,552274
VPB,2025-03-03,53160,53979,52703,52958,419935
VPB,2025-03-02,55503,55837,54292,55087,736125
VPB,2025-03-01,56148,56878,55770,56098,562916
VPB,2025-02-28,53960,54405,53026,53157,625029
VPB,2025-02-27,54847,55762,54532,54961,621397
VPB,2025-02-26,52972,53953,52269,53916,926121
VPB,2025-02-25,55144,55219,54671,54871,530521
VPB,2025-02-24,54208,54962,53481,53702,665146
VPB,2025-02-23,53022,54639,52700,53713,882113
VPB,2025-02-22,52849,53515,51596,52576,393691
VPB,2025-02-21,54222,55923,54198,54977,559444
VPB,2025-02-20,53710,54392,53224,53572,995894
VPB,2025-02-19,54481,55500,53511,55181,149311
VPB,2025-02-18,53569,54174,53490,53932,672070
VPB,2025-02-17,54100,55309,53999,54975,363333
VPB,2025-02-16,53313,53438,52476,52588,618940
VPB,2025-02-15,51475,51867,50955,51627,237535
VPB,2025-02-14,51544,52754,50697,51950,749649
VPB,2025-02-13,54986,55232,53802,54110,608597
VPB,2025-02-12,52756,53611,51363,51867,184516
VPB,2025-02-11,53640,54863,53292,54215,521796
VPB,2025-02-10,50805,52265,49972,51526,969297
VPB,2025-02-09,51282,51544,51224,51261,674201
VPB,2025-02-08,54406,55281,53363,53783,282864
VPB,2025-02-07,53509,54419,52098,52620,432837
VPB,2025-02-06,50959,51804,50295,51633,522226
VPB,2025-02-05,51191,51732,50985,51575,301807
VPB,2025-02-04,50154,50966,49649,50576,927296
VPB,2025-02-03,53600,53895,52042,52734,759804
VPB,2025-02-02,50409,50576,49303,50177,207126
VPB,2025-02-01,50091,50356,49772,50204,628995
VPB,2025-01-31,53173,54440,53140,53694,577269
VPB,2025-01-30,53840,54037,52148,53140,147910
VPB,2025-01-29,52376,53260,51751,53025,944049
VPB,2025-01-28,49930,50625,48998,49808,878344
VPB,2025-01-27,50163,51446,49478,50517,516479
VPB,2025-01-26,50902,52295,50196,51329,941612
VPB,2025-01-25,53580,54007,52912,53073,986298
VPB,2025-01-24,49293,50582,48796,49802,516689
VPB,2025-01-23,50170,50663,49241,49278,399100
VPB,2025-01-22,52060,52981,50281,51063,467170
VPB,2025-01-21,52660,53449,52031,52503,939712
VPB,2025-01-20,48493,49502,48416,48763,378224
VPB,2025-01-19,51765,52729,50835,52022,251686
VPB,2025-01-18,49754,49928,48271,48792,998915
VPB,2025-01-17,48035,49176,47246,48563,447334
VPB,2025-01-16,50715,51953,50338,51094,538140
VPB,2025-01-15,49212,50123,48280,49114,366565
VPB,2025-01-14,51253,51605,49538,50519,189019
